"employee_id","department","salary","new_hire","job_level"
1,"Marketing",77500,"No","Hourly"
2,"Finance",72500,"No","Salaried"
3,"IT",91500,"No","Salaried"
4,"IT",69800,"Yes","Manager"
5,"IT",55500,"No","Salaried"
6,"Marketing",62100,"Yes","Salaried"
7,"Sales",71500,"No","Hourly"
8,"IT",59400,"No","Hourly"
9,"Sales",87100,"Yes","Hourly"
10,"Marketing",71200,"No","Hourly"
11,"Operations",68300,"No","Hourly"
12,"Marketing",83800,"Yes","Hourly"
13,"Finance",88000,"No","Hourly"
14,"Operations",53800,"No","Manager"
15,"Sales",66400,"No","Manager"
16,"Finance",76100,"No","Manager"
17,"Sales",57600,"No","Manager"
18,"Operations",84000,"No","Manager"
19,"Operations",63900,"No","Manager"
20,"HR",68600,"Yes","Salaried"
21,"Marketing",71600,"No","Hourly"
22,"Sales",67800,"No","Hourly"
23,"Marketing",85500,"Yes","Salaried"
24,"IT",33500,"Yes","Hourly"
25,"Operations",67200,"No","Hourly"
26,"Operations",96200,"No","Hourly"
27,"HR",77500,"No","Salaried"
28,"Finance",88400,"No","Hourly"
29,"Sales",68800,"No","Salaried"
30,"Finance",59700,"No","Salaried"
31,"HR",54100,"No","Hourly"
32,"IT",107500,"No","Manager"
33,"Marketing",86200,"No","Hourly"
34,"Operations",48100,"No","Salaried"
35,"Operations",65800,"No","Salaried"
36,"Sales",58700,"No","Manager"
37,"IT",73800,"No","Salaried"
38,"IT",67900,"Yes","Hourly"
39,"Finance",88700,"No","Manager"
40,"HR",81700,"No","Hourly"
41,"Sales",88200,"No","Salaried"
42,"Marketing",78600,"Yes","Salaried"
43,"Marketing",57500,"Yes","Manager"
44,"IT",57100,"No","Hourly"
45,"Finance",104900,"No","Salaried"
46,"Finance",72100,"Yes","Salaried"
47,"HR",45100,"No","Manager"
48,"Operations",70500,"No","Hourly"
49,"Marketing",86400,"No","Hourly"
50,"Marketing",81200,"No","Manager"
51,"HR",80900,"No","Salaried"
52,"Finance",66700,"No","Salaried"
53,"Finance",55500,"No","Manager"
54,"Marketing",51100,"No","Salaried"
55,"HR",65100,"No","Hourly"
56,"IT",70600,"No","Salaried"
57,"Marketing",47300,"No","Manager"
58,"IT",89000,"No","Salaried"
59,"IT",52800,"Yes","Salaried"
60,"Finance",81000,"Yes","Manager"
61,"Finance",110400,"Yes","Salaried"
62,"Finance",82700,"No","Manager"
63,"Sales",72100,"No","Manager"
64,"Operations",57900,"No","Hourly"
65,"IT",92400,"No","Manager"
66,"IT",107400,"Yes","Manager"
67,"Sales",73000,"Yes","Salaried"
68,"Finance",36100,"No","Salaried"
69,"Finance",85700,"No","Manager"
70,"Operations",95100,"Yes","Manager"
71,"Marketing",68900,"No","Hourly"
72,"Sales",73300,"No","Hourly"
73,"Sales",79900,"No","Manager"
74,"Finance",79700,"No","Hourly"
75,"Finance",100400,"No","Hourly"
76,"IT",53400,"No","Salaried"
77,"Marketing",58000,"Yes","Salaried"
78,"Marketing",78900,"No","Manager"
79,"Operations",72600,"No","Hourly"
80,"Sales",77900,"No","Salaried"
81,"Marketing",70900,"No","Salaried"
82,"Operations",86000,"No","Salaried"
83,"Operations",61200,"No","Salaried"
84,"Finance",48600,"No","Manager"
85,"Marketing",83100,"Yes","Hourly"
86,"Sales",70900,"Yes","Salaried"
87,"Sales",56800,"No","Salaried"
88,"Operations",53100,"No","Salaried"
89,"Finance",64500,"No","Manager"
90,"HR",55400,"Yes","Hourly"
91,"HR",83100,"No","Manager"
92,"Sales",80300,"No","Manager"
93,"Finance",93800,"No","Hourly"
94,"Sales",64300,"No","Hourly"
95,"Finance",69900,"No","Hourly"
96,"IT",75200,"No","Hourly"
97,"Finance",61600,"No","Hourly"
98,"HR",75300,"No","Manager"
99,"HR",58000,"No","Salaried"
100,"Operations",56600,"No","Manager"
101,"Finance",67000,"No","Hourly"
102,"Sales",47100,"No","Hourly"
103,"Finance",87100,"Yes","Hourly"
104,"Operations",74200,"No","Manager"
105,"Sales",77400,"No","Hourly"
106,"Marketing",73200,"No","Hourly"
107,"HR",52300,"No","Hourly"
108,"HR",64200,"Yes","Manager"
109,"Marketing",72800,"Yes","Salaried"
110,"Operations",60600,"No","Manager"
111,"Operations",56100,"No","Salaried"
112,"Finance",54300,"Yes","Salaried"
113,"Marketing",72800,"Yes","Salaried"
114,"Marketing",87300,"No","Hourly"
115,"IT",80300,"No","Manager"
116,"Marketing",83700,"No","Salaried"
117,"IT",103400,"No","Salaried"
118,"Sales",58300,"No","Manager"
119,"Marketing",71100,"No","Salaried"
120,"Operations",68900,"No","Hourly"
121,"IT",63000,"Yes","Salaried"
122,"Operations",45900,"Yes","Salaried"
123,"HR",82700,"No","Hourly"
124,"HR",73800,"Yes","Hourly"
125,"Sales",42100,"Yes","Salaried"
126,"Finance",77100,"No","Hourly"
127,"Sales",76500,"No","Hourly"
128,"Operations",45200,"No","Hourly"
129,"Marketing",76300,"No","Hourly"
130,"HR",87600,"No","Salaried"
131,"Sales",72400,"Yes","Hourly"
132,"Sales",80900,"No","Salaried"
133,"Sales",68700,"No","Salaried"
134,"Sales",80700,"No","Manager"
135,"Operations",82400,"No","Manager"
136,"Finance",81300,"No","Hourly"
137,"Finance",63200,"No","Hourly"
138,"HR",65100,"No","Hourly"
139,"Operations",84500,"Yes","Manager"
140,"IT",68800,"No","Manager"
141,"Finance",60900,"No","Hourly"
142,"HR",69100,"No","Manager"
143,"Marketing",54800,"Yes","Salaried"
144,"IT",47200,"No","Manager"
145,"Finance",96900,"Yes","Salaried"
146,"Operations",71100,"No","Salaried"
147,"Operations",79100,"No","Salaried"
148,"Marketing",66000,"No","Hourly"
149,"Sales",31800,"Yes","Hourly"
150,"Sales",60700,"Yes","Salaried"
151,"Finance",74500,"No","Hourly"
152,"HR",83000,"No","Hourly"
153,"Finance",68300,"No","Hourly"
154,"Sales",89000,"No","Hourly"
155,"Operations",67600,"No","Hourly"
156,"IT",68000,"Yes","Hourly"
157,"IT",56100,"No","Hourly"
158,"Marketing",48400,"No","Hourly"
159,"Finance",44800,"Yes","Hourly"
160,"Marketing",46400,"No","Hourly"
161,"Operations",68600,"No","Hourly"
162,"Operations",85500,"No","Manager"
163,"Operations",75800,"Yes","Salaried"
164,"Sales",35100,"Yes","Hourly"
165,"HR",76200,"Yes","Salaried"
166,"Marketing",63500,"No","Manager"
167,"Marketing",38100,"No","Salaried"
168,"HR",94900,"No","Salaried"
169,"Sales",61500,"No","Manager"
170,"Operations",63400,"No","Hourly"
171,"Marketing",71800,"No","Salaried"
172,"IT",59500,"No","Salaried"
173,"Finance",107600,"No","Hourly"
174,"Operations",52700,"Yes","Manager"
175,"Operations",73600,"No","Hourly"
176,"Sales",75100,"No","Hourly"
177,"Marketing",85600,"No","Hourly"
178,"Sales",80200,"Yes","Salaried"
179,"HR",82300,"No","Salaried"
180,"Sales",66000,"No","Hourly"
181,"Marketing",48200,"No","Manager"
182,"Marketing",66100,"No","Manager"
183,"HR",80600,"No","Manager"
184,"Marketing",69900,"No","Hourly"
185,"HR",77100,"No","Manager"
186,"Marketing",55600,"Yes","Hourly"
187,"IT",83300,"No","Salaried"
188,"HR",69500,"Yes","Hourly"
189,"Sales",65900,"No","Salaried"
190,"Sales",63600,"No","Salaried"
191,"Operations",48600,"No","Manager"
192,"HR",64000,"No","Hourly"
193,"IT",48500,"Yes","Manager"
194,"Operations",78900,"No","Manager"
195,"Sales",72300,"No","Hourly"
196,"IT",67400,"Yes","Salaried"
197,"Sales",87300,"No","Manager"
198,"IT",72000,"Yes","Hourly"
199,"Sales",82900,"No","Manager"
200,"Sales",39900,"No","Salaried"
201,"IT",81300,"No","Hourly"
202,"Finance",39500,"No","Salaried"
203,"HR",73000,"Yes","Manager"
204,"IT",77400,"Yes","Salaried"
205,"Operations",63300,"Yes","Manager"
206,"Finance",71700,"Yes","Salaried"
207,"Sales",74800,"No","Hourly"
208,"Operations",73500,"No","Hourly"
209,"Sales",57800,"No","Manager"
210,"Finance",79200,"No","Hourly"
211,"Marketing",69000,"No","Hourly"
212,"Operations",95900,"No","Manager"
213,"IT",70800,"Yes","Hourly"
214,"Sales",43400,"No","Manager"
215,"Finance",80800,"No","Hourly"
216,"IT",62900,"No","Manager"
217,"Finance",61300,"No","Salaried"
218,"Sales",59500,"Yes","Salaried"
219,"Finance",51800,"No","Hourly"
220,"Sales",72400,"No","Salaried"
221,"IT",62000,"Yes","Hourly"
222,"IT",65700,"No","Salaried"
223,"IT",49200,"Yes","Salaried"
224,"HR",63300,"No","Salaried"
225,"Finance",72100,"No","Manager"
226,"IT",94700,"No","Salaried"
227,"Marketing",65600,"No","Hourly"
228,"HR",49400,"Yes","Hourly"
229,"Finance",102100,"No","Hourly"
230,"HR",91600,"No","Hourly"
231,"IT",73200,"No","Hourly"
232,"Marketing",33000,"No","Salaried"
233,"Operations",94400,"No","Manager"
234,"IT",67000,"No","Hourly"
235,"IT",80300,"Yes","Hourly"
236,"Marketing",38600,"No","Hourly"
237,"HR",84500,"No","Manager"
238,"Operations",58800,"Yes","Salaried"
239,"IT",55000,"No","Hourly"
240,"IT",42800,"Yes","Manager"
241,"HR",63400,"No","Salaried"
242,"Finance",95500,"No","Hourly"
243,"Operations",81800,"No","Manager"
244,"Sales",42600,"No","Hourly"
245,"Marketing",66500,"No","Manager"
246,"Operations",57700,"No","Salaried"
247,"HR",83400,"No","Manager"
248,"IT",64300,"Yes","Hourly"
249,"IT",85100,"No","Salaried"
250,"Operations",62800,"No","Salaried"
251,"HR",64900,"No","Hourly"
252,"Operations",40200,"No","Salaried"
253,"Operations",65900,"No","Manager"
254,"Sales",81100,"Yes","Manager"
255,"Finance",85400,"Yes","Manager"
256,"Finance",77400,"No","Salaried"
257,"Operations",69300,"No","Salaried"
258,"HR",69400,"No","Manager"
259,"Marketing",70300,"No","Hourly"
260,"Finance",89500,"No","Manager"
261,"Operations",41600,"No","Manager"
262,"HR",79900,"No","Manager"
263,"IT",74300,"No","Salaried"
264,"Sales",74300,"No","Salaried"
265,"Marketing",63600,"Yes","Manager"
266,"Operations",66200,"Yes","Manager"
267,"Operations",61800,"No","Salaried"
268,"Sales",64100,"No","Hourly"
269,"HR",78000,"No","Salaried"
270,"Operations",89300,"Yes","Salaried"
271,"IT",75300,"No","Salaried"
272,"IT",62000,"No","Hourly"
273,"Operations",89100,"No","Hourly"
274,"Sales",75200,"Yes","Manager"
275,"Finance",68300,"Yes","Hourly"
276,"IT",43000,"No","Manager"
277,"IT",56400,"Yes","Hourly"
278,"Operations",80200,"Yes","Manager"
279,"IT",47900,"No","Salaried"
280,"Operations",72800,"Yes","Manager"
281,"Operations",89500,"Yes","Manager"
282,"IT",65400,"Yes","Manager"
283,"Finance",80400,"No","Manager"
284,"Marketing",81500,"No","Hourly"
285,"IT",73500,"Yes","Hourly"
286,"Marketing",47400,"No","Hourly"
287,"Sales",53400,"No","Manager"
288,"IT",66900,"No","Hourly"
289,"Sales",75500,"No","Manager"
290,"HR",80600,"No","Manager"
291,"Sales",72600,"No","Hourly"
292,"HR",61600,"No","Hourly"
293,"Marketing",94900,"Yes","Manager"
294,"Marketing",77200,"Yes","Salaried"
295,"IT",97500,"Yes","Salaried"
296,"Marketing",61600,"Yes","Salaried"
297,"Finance",97900,"Yes","Salaried"
298,"Sales",76400,"No","Manager"
299,"Operations",53200,"No","Hourly"
300,"Marketing",95600,"No","Manager"
301,"Marketing",67800,"No","Salaried"
302,"Finance",43400,"No","Salaried"
303,"IT",82500,"Yes","Hourly"
304,"HR",90200,"Yes","Hourly"
305,"HR",52800,"Yes","Manager"
306,"Finance",49400,"No","Salaried"
307,"HR",75400,"Yes","Salaried"
308,"Operations",53800,"Yes","Hourly"
309,"Sales",80100,"Yes","Salaried"
310,"Operations",57000,"No","Salaried"
311,"Finance",84800,"No","Manager"
312,"Operations",90900,"No","Hourly"
313,"IT",54000,"No","Manager"
314,"Marketing",70200,"No","Salaried"
315,"Marketing",49300,"No","Manager"
316,"HR",63100,"No","Hourly"
317,"HR",89200,"Yes","Salaried"
318,"Operations",78700,"Yes","Salaried"
319,"Sales",88200,"Yes","Hourly"
320,"HR",47200,"No","Manager"
321,"IT",37500,"Yes","Salaried"
322,"Finance",61100,"Yes","Manager"
323,"Operations",60800,"No","Hourly"
324,"Operations",60400,"No","Manager"
325,"Finance",79900,"No","Hourly"
326,"Finance",47700,"No","Hourly"
327,"Sales",44400,"No","Hourly"
328,"IT",77500,"No","Salaried"
329,"Operations",77300,"No","Hourly"
330,"Operations",47500,"No","Salaried"
331,"HR",87100,"No","Manager"
332,"Sales",96800,"Yes","Manager"
333,"HR",90900,"No","Manager"
334,"Finance",60900,"No","Hourly"
335,"Operations",62300,"No","Salaried"
336,"Finance",62400,"Yes","Salaried"
337,"Sales",72800,"Yes","Salaried"
338,"IT",54800,"No","Manager"
339,"Marketing",67300,"Yes","Salaried"
340,"HR",77400,"Yes","Manager"
341,"Finance",79000,"No","Salaried"
342,"Sales",66200,"No","Hourly"
343,"Marketing",93900,"No","Hourly"
344,"Sales",59300,"No","Hourly"
345,"HR",76200,"Yes","Salaried"
346,"Operations",59000,"Yes","Salaried"
347,"Finance",79000,"Yes","Salaried"
348,"Marketing",72800,"No","Salaried"
349,"Finance",69900,"No","Hourly"
350,"IT",45500,"No","Hourly"
351,"Sales",63900,"No","Salaried"
352,"IT",77900,"No","Manager"
353,"Sales",74900,"Yes","Manager"
354,"Finance",66300,"No","Salaried"
355,"Operations",76800,"No","Hourly"
356,"Operations",78000,"Yes","Salaried"
357,"HR",67600,"No","Hourly"
358,"Finance",50100,"No","Salaried"
359,"Marketing",83700,"No","Manager"
360,"Marketing",74300,"No","Hourly"
361,"Marketing",62600,"No","Salaried"
362,"HR",95100,"No","Hourly"
363,"Finance",62800,"No","Salaried"
364,"Operations",54100,"No","Manager"
365,"IT",94900,"Yes","Hourly"
366,"Finance",93500,"Yes","Manager"
367,"Sales",82900,"Yes","Hourly"
368,"HR",72300,"Yes","Hourly"
369,"HR",37300,"Yes","Salaried"
370,"HR",65400,"No","Hourly"
371,"Sales",61400,"No","Manager"
372,"HR",65200,"No","Manager"
373,"IT",109900,"No","Hourly"
374,"HR",59000,"No","Salaried"
375,"Marketing",76700,"No","Salaried"
376,"Marketing",51100,"No","Manager"
377,"Operations",73600,"No","Manager"
378,"Marketing",70100,"No","Salaried"
379,"Finance",61600,"Yes","Salaried"
380,"Finance",70700,"No","Salaried"
381,"Sales",74800,"No","Manager"
382,"IT",68000,"Yes","Hourly"
383,"Marketing",51800,"No","Manager"
384,"HR",73300,"No","Manager"
385,"Sales",56000,"Yes","Salaried"
386,"Sales",67800,"No","Manager"
387,"Sales",74200,"Yes","Manager"
388,"Operations",43900,"No","Hourly"
389,"Finance",76000,"No","Manager"
390,"Marketing",78100,"No","Manager"
391,"Finance",76200,"No","Salaried"
392,"IT",69400,"No","Manager"
393,"Finance",61000,"No","Salaried"
394,"Operations",69400,"No","Salaried"
395,"Operations",75700,"Yes","Salaried"
396,"IT",74300,"No","Hourly"
397,"Sales",74700,"No","Salaried"
398,"Marketing",85200,"Yes","Manager"
399,"Operations",61500,"No","Hourly"
400,"Marketing",73000,"Yes","Hourly"
401,"Marketing",85400,"No","Salaried"
402,"IT",78800,"No","Manager"
403,"IT",51900,"No","Hourly"
404,"Marketing",79000,"No","Salaried"
405,"Finance",57600,"No","Salaried"
406,"Finance",75300,"Yes","Hourly"
407,"Marketing",72200,"No","Salaried"
408,"Operations",79200,"Yes","Hourly"
409,"Finance",74700,"No","Salaried"
410,"Finance",72000,"No","Salaried"
411,"Sales",60100,"No","Manager"
412,"IT",75300,"Yes","Salaried"
413,"Finance",51100,"No","Hourly"
414,"Marketing",88200,"No","Manager"
415,"IT",90300,"No","Manager"
416,"Operations",57100,"No","Manager"
417,"HR",88900,"No","Hourly"
418,"Finance",43300,"Yes","Salaried"
419,"Marketing",59500,"Yes","Hourly"
420,"Sales",97000,"No","Salaried"
421,"Operations",44600,"Yes","Manager"
422,"Marketing",80600,"Yes","Salaried"
423,"IT",78300,"Yes","Salaried"
424,"Marketing",60100,"No","Manager"
425,"HR",68600,"Yes","Manager"
426,"HR",59200,"No","Hourly"
427,"HR",64000,"No","Salaried"
428,"Sales",75100,"No","Salaried"
429,"IT",80700,"No","Salaried"
430,"Operations",62100,"No","Salaried"
431,"HR",79300,"Yes","Hourly"
432,"IT",36000,"No","Manager"
433,"Sales",67100,"No","Hourly"
434,"Finance",80100,"No","Hourly"
435,"Finance",50000,"No","Hourly"
436,"Finance",50900,"Yes","Salaried"
437,"IT",69500,"No","Hourly"
438,"Sales",55100,"No","Hourly"
439,"Sales",58600,"No","Manager"
440,"HR",57800,"No","Salaried"
441,"Sales",66400,"No","Salaried"
442,"Finance",58900,"No","Manager"
443,"Sales",82600,"No","Manager"
444,"Operations",68600,"No","Manager"
445,"Marketing",74000,"No","Manager"
446,"Finance",60200,"Yes","Manager"
447,"Finance",68800,"Yes","Hourly"
448,"HR",92400,"No","Salaried"
449,"Marketing",87000,"No","Manager"
450,"Finance",50700,"Yes","Manager"
451,"IT",75000,"No","Manager"
452,"Operations",95500,"Yes","Salaried"
453,"Finance",79600,"No","Manager"
454,"Sales",76600,"Yes","Salaried"
455,"Sales",72300,"No","Salaried"
456,"HR",74500,"No","Manager"
457,"Finance",81500,"No","Salaried"
458,"Sales",67500,"No","Hourly"
459,"Finance",48000,"No","Hourly"
460,"IT",62600,"No","Salaried"
461,"Marketing",73300,"No","Hourly"
462,"Finance",72500,"No","Salaried"
463,"Operations",69600,"Yes","Hourly"
464,"IT",77400,"Yes","Manager"
465,"Finance",83800,"Yes","Manager"
466,"Operations",44200,"Yes","Hourly"
467,"Sales",80800,"No","Manager"
468,"Sales",60700,"No","Salaried"
469,"HR",43300,"No","Hourly"
470,"Finance",41800,"No","Salaried"
471,"HR",81300,"No","Salaried"
472,"Marketing",53100,"No","Manager"
473,"Sales",61000,"Yes","Salaried"
474,"IT",88400,"No","Salaried"
475,"IT",91400,"Yes","Manager"
476,"IT",70300,"No","Salaried"
477,"IT",54600,"No","Salaried"
478,"IT",81700,"No","Manager"
479,"HR",53500,"No","Hourly"
480,"IT",94100,"No","Hourly"
481,"Operations",43800,"Yes","Hourly"
482,"IT",64100,"No","Manager"
483,"HR",60500,"No","Salaried"
484,"Marketing",76200,"No","Hourly"
485,"IT",78800,"No","Manager"
486,"IT",89900,"No","Manager"
487,"HR",48100,"Yes","Salaried"
488,"Finance",71800,"No","Manager"
489,"IT",49300,"No","Salaried"
490,"Marketing",60900,"No","Hourly"
491,"Operations",52100,"No","Manager"
492,"Finance",51300,"No","Hourly"
493,"Operations",65900,"No","Salaried"
494,"HR",93000,"No","Salaried"
495,"Finance",104500,"Yes","Hourly"
496,"HR",73400,"Yes","Salaried"
497,"Finance",69200,"Yes","Salaried"
498,"Sales",46900,"No","Manager"
499,"Marketing",99900,"Yes","Salaried"
500,"Finance",71500,"Yes","Manager"
501,"Operations",62300,"No","Salaried"
502,"Sales",97500,"No","Manager"
503,"Operations",59300,"No","Salaried"
504,"Operations",71700,"No","Salaried"
505,"Marketing",79200,"No","Hourly"
506,"Marketing",51600,"Yes","Hourly"
507,"IT",86100,"No","Salaried"
508,"HR",98800,"No","Hourly"
509,"Marketing",51200,"No","Salaried"
510,"Sales",70700,"No","Salaried"
511,"Sales",46600,"No","Manager"
512,"HR",66700,"Yes","Manager"
513,"Operations",62700,"No","Hourly"
514,"Marketing",82300,"No","Salaried"
515,"Sales",63500,"No","Salaried"
516,"Marketing",73400,"No","Hourly"
517,"IT",67100,"Yes","Hourly"
518,"IT",74600,"No","Salaried"
519,"Sales",66800,"No","Manager"
520,"Operations",65300,"No","Salaried"
521,"Finance",75900,"No","Manager"
522,"Sales",80500,"Yes","Hourly"
523,"IT",72500,"No","Hourly"
524,"IT",62000,"Yes","Hourly"
525,"Marketing",55100,"Yes","Manager"
526,"HR",91900,"Yes","Salaried"
527,"HR",71200,"No","Manager"
528,"Finance",95800,"No","Hourly"
529,"IT",67300,"No","Salaried"
530,"Finance",65100,"No","Manager"
531,"HR",60500,"No","Manager"
532,"Marketing",93700,"No","Hourly"
533,"IT",75400,"No","Manager"
534,"Finance",53000,"No","Manager"
535,"Operations",59200,"No","Hourly"
536,"HR",74700,"Yes","Hourly"
537,"Sales",51700,"Yes","Hourly"
538,"Operations",73100,"No","Salaried"
539,"Finance",70000,"No","Salaried"
540,"Finance",82000,"No","Salaried"
541,"Finance",89600,"No","Manager"
542,"Finance",86600,"No","Hourly"
543,"HR",59100,"No","Hourly"
544,"Operations",53300,"No","Manager"
545,"HR",83900,"No","Salaried"
546,"Finance",99700,"No","Salaried"
547,"IT",66600,"No","Manager"
548,"HR",47900,"Yes","Manager"
549,"Marketing",59700,"Yes","Hourly"
550,"Marketing",33500,"Yes","Salaried"
551,"HR",80700,"No","Hourly"
552,"Operations",79100,"No","Manager"
553,"IT",56000,"Yes","Hourly"
554,"Sales",63800,"No","Hourly"
555,"Sales",76500,"No","Salaried"
556,"HR",79300,"No","Hourly"
557,"IT",66600,"No","Hourly"
558,"HR",68600,"No","Hourly"
559,"Marketing",45100,"No","Salaried"
560,"Marketing",101600,"No","Salaried"
561,"Sales",69900,"Yes","Manager"
562,"Operations",81700,"No","Hourly"
563,"Finance",59200,"No","Salaried"
564,"Sales",67400,"No","Manager"
565,"HR",74400,"Yes","Salaried"
566,"Marketing",61300,"No","Manager"
567,"Operations",67500,"Yes","Manager"
568,"Operations",64100,"Yes","Manager"
569,"Operations",92900,"Yes","Hourly"
570,"Sales",90000,"No","Salaried"
571,"HR",61500,"No","Salaried"
572,"Marketing",68700,"No","Salaried"
573,"IT",55000,"Yes","Manager"
574,"Operations",81000,"Yes","Hourly"
575,"Finance",61400,"No","Hourly"
576,"Marketing",67800,"No","Hourly"
577,"Finance",76800,"No","Salaried"
578,"Operations",56700,"No","Hourly"
579,"IT",66000,"Yes","Hourly"
580,"IT",70400,"No","Manager"
581,"Operations",66300,"No","Salaried"
582,"IT",79600,"Yes","Salaried"
583,"Finance",52800,"Yes","Manager"
584,"HR",93000,"No","Salaried"
585,"Sales",48500,"No","Hourly"
586,"HR",85000,"Yes","Manager"
587,"Finance",79500,"No","Hourly"
588,"Marketing",46900,"No","Hourly"
589,"HR",64600,"No","Salaried"
590,"Marketing",55500,"No","Hourly"
591,"Finance",63500,"No","Manager"
592,"Operations",54800,"No","Salaried"
593,"Sales",56100,"Yes","Manager"
594,"IT",71300,"Yes","Salaried"
595,"IT",63500,"Yes","Manager"
596,"HR",49800,"No","Manager"
597,"Finance",58600,"No","Manager"
598,"Operations",45900,"Yes","Hourly"
599,"Sales",47200,"No","Manager"
600,"Sales",76600,"No","Hourly"
601,"HR",72200,"Yes","Manager"
602,"HR",69000,"No","Manager"
603,"Marketing",75300,"No","Hourly"
604,"IT",72700,"No","Manager"
605,"Operations",88200,"No","Hourly"
606,"Finance",77000,"No","Salaried"
607,"Sales",75900,"Yes","Hourly"
608,"IT",68500,"No","Manager"
609,"Marketing",47900,"No","Manager"
610,"Finance",52800,"Yes","Hourly"
611,"IT",55200,"Yes","Salaried"
612,"Marketing",68600,"Yes","Hourly"
613,"Sales",80400,"No","Salaried"
614,"Sales",114600,"No","Manager"
615,"Operations",63500,"No","Manager"
616,"Sales",44200,"Yes","Hourly"
617,"IT",42700,"Yes","Manager"
618,"Sales",76500,"Yes","Salaried"
619,"Sales",84300,"Yes","Salaried"
620,"Finance",83000,"No","Salaried"
621,"HR",108800,"No","Hourly"
622,"Sales",64400,"No","Manager"
623,"Operations",52700,"No","Salaried"
624,"HR",65600,"No","Manager"
625,"HR",80700,"No","Hourly"
626,"IT",80100,"No","Manager"
627,"IT",90600,"No","Salaried"
628,"Finance",61000,"No","Hourly"
629,"Sales",70400,"No","Salaried"
630,"HR",67800,"No","Manager"
631,"IT",87400,"No","Manager"
632,"HR",53300,"No","Manager"
633,"IT",92900,"No","Manager"
634,"IT",52000,"No","Salaried"
635,"Sales",88700,"No","Salaried"
636,"HR",82500,"No","Hourly"
637,"Operations",67600,"No","Manager"
638,"Sales",80600,"Yes","Hourly"
639,"HR",69800,"No","Manager"
640,"Marketing",80400,"No","Hourly"
641,"HR",65000,"No","Hourly"
642,"Marketing",69100,"No","Manager"
643,"HR",84700,"No","Hourly"
644,"IT",67200,"No","Salaried"
645,"Sales",70400,"No","Salaried"
646,"IT",70300,"Yes","Hourly"
647,"HR",53100,"Yes","Manager"
648,"IT",43400,"Yes","Hourly"
649,"IT",80200,"No","Salaried"
650,"Operations",94900,"No","Hourly"
651,"IT",61500,"No","Salaried"
652,"Marketing",64700,"Yes","Salaried"
653,"IT",86500,"No","Salaried"
654,"Sales",81000,"Yes","Manager"
655,"Marketing",53000,"No","Salaried"
656,"Sales",83100,"No","Salaried"
657,"IT",68900,"Yes","Salaried"
658,"HR",61500,"Yes","Salaried"
659,"Finance",82900,"No","Salaried"
660,"Operations",45000,"No","Hourly"
661,"Operations",91500,"No","Hourly"
662,"Finance",67000,"No","Salaried"
663,"Marketing",75300,"No","Salaried"
664,"Finance",77000,"No","Salaried"
665,"Sales",79300,"No","Hourly"
666,"IT",86500,"No","Salaried"
667,"IT",60800,"Yes","Manager"
668,"Operations",71000,"No","Hourly"
669,"Finance",59900,"Yes","Salaried"
670,"HR",65900,"No","Manager"
671,"Operations",75600,"Yes","Manager"
672,"Sales",80800,"No","Hourly"
673,"Marketing",57700,"Yes","Hourly"
674,"Finance",80500,"No","Manager"
675,"Sales",76400,"Yes","Hourly"
676,"IT",51500,"No","Manager"
677,"HR",46700,"Yes","Salaried"
678,"HR",78500,"Yes","Hourly"
679,"Operations",61500,"No","Hourly"
680,"Sales",51500,"No","Salaried"
681,"Operations",67400,"Yes","Hourly"
682,"Marketing",52100,"No","Manager"
683,"IT",57000,"No","Salaried"
684,"IT",62800,"No","Hourly"
685,"IT",47700,"No","Salaried"
686,"HR",81100,"No","Manager"
687,"Sales",63300,"Yes","Manager"
688,"Finance",78000,"Yes","Manager"
689,"Marketing",71100,"No","Salaried"
690,"HR",73600,"No","Manager"
691,"Sales",43000,"No","Salaried"
692,"IT",67700,"No","Salaried"
693,"Finance",69200,"No","Manager"
694,"Finance",62600,"Yes","Salaried"
695,"Finance",35900,"No","Manager"
696,"Sales",51000,"No","Hourly"
697,"HR",74000,"No","Salaried"
698,"Finance",45400,"No","Manager"
699,"Sales",75900,"No","Hourly"
700,"Marketing",64300,"No","Manager"
701,"Operations",67500,"No","Salaried"
702,"Marketing",86300,"No","Salaried"
703,"Marketing",66100,"No","Salaried"
704,"HR",61000,"No","Manager"
705,"Operations",64200,"Yes","Salaried"
706,"HR",63100,"Yes","Manager"
707,"IT",70900,"No","Hourly"
708,"Sales",63900,"No","Manager"
709,"Finance",77300,"No","Salaried"
710,"HR",55000,"Yes","Hourly"
711,"Marketing",70300,"No","Manager"
712,"Operations",85500,"No","Hourly"
713,"HR",67500,"Yes","Salaried"
714,"Finance",102600,"No","Salaried"
715,"Operations",71800,"No","Hourly"
716,"Sales",66100,"Yes","Hourly"
717,"Finance",61500,"No","Manager"
718,"IT",69200,"No","Hourly"
719,"Operations",61300,"No","Manager"
720,"IT",44800,"Yes","Salaried"
721,"HR",97900,"No","Manager"
722,"IT",88600,"No","Manager"
723,"HR",93400,"No","Hourly"
724,"Marketing",68100,"Yes","Hourly"
725,"IT",49700,"No","Hourly"
726,"Finance",66600,"No","Salaried"
727,"Marketing",69800,"Yes","Hourly"
728,"Operations",82200,"No","Hourly"
729,"Operations",93100,"No","Salaried"
730,"HR",74600,"No","Manager"
731,"HR",78000,"No","Salaried"
732,"IT",89600,"No","Hourly"
733,"Operations",65100,"No","Salaried"
734,"Sales",53900,"Yes","Manager"
735,"HR",63600,"No","Salaried"
736,"HR",73400,"Yes","Salaried"
737,"HR",69900,"Yes","Manager"
738,"Operations",85500,"No","Manager"
739,"HR",81400,"No","Hourly"
740,"Operations",57700,"Yes","Hourly"
741,"Finance",58500,"Yes","Manager"
742,"Finance",71300,"No","Manager"
743,"Sales",65000,"No","Salaried"
744,"IT",85200,"Yes","Manager"
745,"Finance",57300,"No","Hourly"
746,"HR",94100,"No","Salaried"
747,"IT",49200,"No","Hourly"
748,"Sales",99100,"Yes","Hourly"
749,"Sales",65000,"Yes","Manager"
750,"IT",47000,"No","Hourly"
751,"Operations",67800,"No","Manager"
752,"Sales",93700,"No","Manager"
753,"Sales",57300,"No","Salaried"
754,"Operations",68200,"No","Hourly"
755,"Marketing",55500,"No","Hourly"
756,"IT",77500,"No","Hourly"
757,"HR",66800,"No","Manager"
758,"Operations",69300,"No","Hourly"
759,"Marketing",89000,"No","Manager"
760,"Operations",94400,"Yes","Salaried"
761,"Sales",80700,"No","Manager"
762,"Finance",76800,"No","Hourly"
763,"Finance",47600,"No","Salaried"
764,"Marketing",77400,"Yes","Hourly"
765,"IT",72600,"Yes","Hourly"
766,"Marketing",79000,"No","Hourly"
767,"Marketing",71800,"No","Hourly"
768,"Marketing",53900,"No","Hourly"
769,"HR",46300,"No","Manager"
770,"HR",43900,"No","Hourly"
771,"Operations",50300,"No","Hourly"
772,"IT",97200,"No","Hourly"
773,"HR",40300,"No","Manager"
774,"Finance",58100,"No","Hourly"
775,"IT",54900,"Yes","Hourly"
776,"Sales",50800,"No","Hourly"
777,"Operations",63600,"No","Hourly"
778,"Marketing",48700,"No","Salaried"
779,"Sales",78500,"No","Salaried"
780,"Operations",52700,"Yes","Salaried"
781,"Sales",61300,"No","Manager"
782,"Operations",81100,"No","Hourly"
783,"HR",85600,"Yes","Salaried"
784,"Finance",46900,"No","Salaried"
785,"Sales",65200,"No","Manager"
786,"Operations",90300,"Yes","Manager"
787,"Finance",80700,"No","Manager"
788,"IT",67800,"Yes","Hourly"
789,"IT",70400,"No","Hourly"
790,"IT",53400,"Yes","Hourly"
791,"Marketing",78600,"No","Hourly"
792,"HR",64000,"No","Salaried"
793,"Operations",69600,"No","Hourly"
794,"Sales",84400,"Yes","Salaried"
795,"Marketing",43500,"No","Salaried"
796,"Finance",71900,"No","Salaried"
797,"Sales",73900,"No","Hourly"
798,"Sales",50400,"No","Hourly"
799,"Operations",68100,"No","Hourly"
800,"Marketing",57100,"No","Salaried"
801,"Finance",52200,"No","Manager"
802,"Marketing",81300,"Yes","Salaried"
803,"Marketing",70600,"No","Hourly"
804,"Finance",91000,"Yes","Manager"
805,"Finance",52700,"No","Manager"
806,"Marketing",98400,"No","Hourly"
807,"HR",78700,"Yes","Salaried"
808,"HR",88600,"No","Hourly"
809,"Sales",50800,"No","Hourly"
810,"IT",95800,"Yes","Manager"
811,"Marketing",81900,"No","Salaried"
812,"Finance",57700,"No","Manager"
813,"HR",70700,"No","Manager"
814,"Sales",65300,"No","Salaried"
815,"Operations",84400,"No","Salaried"
816,"HR",83800,"No","Salaried"
817,"Operations",49000,"No","Manager"
818,"HR",105000,"No","Hourly"
819,"IT",84900,"Yes","Manager"
820,"Marketing",64300,"Yes","Salaried"
821,"Operations",78000,"No","Hourly"
822,"Operations",46200,"Yes","Manager"
823,"Finance",60100,"No","Hourly"
824,"Marketing",60600,"Yes","Hourly"
825,"Finance",86500,"No","Hourly"
826,"Operations",84700,"Yes","Manager"
827,"IT",59900,"Yes","Hourly"
828,"Sales",55300,"Yes","Salaried"
829,"Marketing",73900,"No","Hourly"
830,"Sales",50200,"Yes","Hourly"
831,"Operations",53800,"Yes","Salaried"
832,"Operations",76600,"No","Manager"
833,"Finance",65300,"No","Manager"
834,"IT",52500,"No","Manager"
835,"Finance",102700,"No","Salaried"
836,"Marketing",70400,"No","Salaried"
837,"HR",78400,"No","Salaried"
838,"IT",40800,"Yes","Salaried"
839,"Finance",90400,"No","Salaried"
840,"Operations",55200,"Yes","Manager"
841,"Operations",90900,"Yes","Hourly"
842,"Operations",116600,"No","Hourly"
843,"Marketing",57900,"No","Salaried"
844,"Operations",70100,"No","Manager"
845,"Sales",60500,"No","Manager"
846,"Finance",55400,"No","Hourly"
847,"Sales",83900,"No","Hourly"
848,"Finance",86200,"No","Hourly"
849,"HR",72400,"Yes","Salaried"
850,"Marketing",68800,"Yes","Salaried"
851,"Sales",57700,"No","Manager"
852,"IT",53900,"Yes","Manager"
853,"Sales",71500,"No","Manager"
854,"Sales",74400,"No","Salaried"
855,"HR",95200,"No","Manager"
856,"HR",43700,"No","Hourly"
857,"Marketing",63500,"No","Hourly"
858,"HR",77800,"Yes","Salaried"
859,"Operations",50400,"Yes","Manager"
860,"Marketing",60400,"No","Manager"
861,"IT",76100,"No","Hourly"
862,"Finance",38200,"No","Salaried"
863,"Sales",85300,"Yes","Manager"
864,"Marketing",57700,"Yes","Hourly"
865,"Sales",77700,"No","Manager"
866,"Sales",79900,"No","Salaried"
867,"Marketing",71700,"No","Hourly"
868,"IT",72800,"No","Manager"
869,"IT",59200,"No","Salaried"
870,"IT",79800,"No","Hourly"
871,"Finance",50100,"No","Salaried"
872,"Finance",79600,"No","Hourly"
873,"IT",60500,"No","Salaried"
874,"Marketing",59800,"Yes","Hourly"
875,"Operations",66500,"No","Manager"
876,"Operations",91100,"No","Manager"
877,"Sales",75200,"No","Hourly"
878,"Operations",70000,"No","Hourly"
879,"Sales",77000,"No","Salaried"
880,"Sales",61000,"No","Salaried"
881,"HR",76700,"Yes","Salaried"
882,"Sales",65900,"No","Manager"
883,"Sales",57100,"No","Salaried"
884,"Marketing",56300,"No","Hourly"
885,"Operations",90000,"Yes","Salaried"
886,"Finance",66200,"Yes","Hourly"
887,"Operations",58600,"No","Salaried"
888,"Sales",72400,"No","Salaried"
889,"IT",63100,"Yes","Hourly"
890,"Sales",71000,"No","Manager"
891,"Sales",63100,"No","Hourly"
892,"Finance",79700,"No","Manager"
893,"Finance",65100,"No","Hourly"
894,"Sales",63300,"Yes","Manager"
895,"Operations",69700,"No","Hourly"
896,"Marketing",53500,"No","Hourly"
897,"HR",85800,"No","Salaried"
898,"Operations",60500,"No","Hourly"
899,"IT",70400,"Yes","Salaried"
900,"Marketing",77000,"No","Manager"
901,"HR",85200,"Yes","Salaried"
902,"IT",75800,"No","Manager"
903,"Finance",93100,"No","Manager"
904,"IT",81700,"No","Salaried"
905,"Finance",55100,"Yes","Salaried"
906,"Sales",72500,"No","Salaried"
907,"HR",73800,"No","Salaried"
908,"IT",85100,"Yes","Manager"
909,"Finance",78800,"No","Manager"
910,"Operations",74700,"Yes","Hourly"
911,"Operations",85600,"No","Hourly"
912,"IT",58100,"No","Manager"
913,"IT",60400,"No","Salaried"
914,"IT",53000,"No","Salaried"
915,"IT",67500,"No","Manager"
916,"HR",73500,"No","Salaried"
917,"HR",97800,"No","Salaried"
918,"HR",81100,"No","Manager"
919,"Marketing",72800,"No","Salaried"
920,"Finance",44800,"Yes","Salaried"
921,"Marketing",87000,"Yes","Manager"
922,"HR",56700,"Yes","Hourly"
923,"IT",59600,"Yes","Hourly"
924,"Finance",81200,"No","Salaried"
925,"Finance",74100,"No","Manager"
926,"HR",64400,"No","Salaried"
927,"Operations",58700,"No","Manager"
928,"HR",66500,"No","Hourly"
929,"IT",69900,"Yes","Manager"
930,"Finance",63200,"No","Hourly"
931,"IT",62800,"No","Manager"
932,"HR",90200,"No","Salaried"
933,"IT",48000,"No","Hourly"
934,"HR",75800,"Yes","Salaried"
935,"HR",77600,"No","Manager"
936,"HR",51500,"Yes","Manager"
937,"Finance",80700,"No","Salaried"
938,"Finance",92100,"No","Manager"
939,"HR",79700,"No","Manager"
940,"HR",71100,"No","Manager"
941,"Finance",74200,"No","Manager"
942,"Marketing",94300,"Yes","Salaried"
943,"Sales",51900,"No","Hourly"
944,"Operations",51000,"Yes","Salaried"
945,"Sales",57600,"No","Salaried"
946,"Finance",58200,"No","Hourly"
947,"Operations",69800,"Yes","Salaried"
948,"IT",90400,"No","Salaried"
949,"Finance",75800,"No","Manager"
950,"Finance",49700,"Yes","Manager"
951,"HR",55700,"No","Salaried"
952,"HR",81600,"Yes","Manager"
953,"IT",54100,"No","Hourly"
954,"Finance",50600,"No","Salaried"
955,"IT",72700,"Yes","Hourly"
956,"Operations",73300,"Yes","Salaried"
957,"Finance",79700,"No","Salaried"
958,"Sales",85300,"No","Hourly"
959,"Operations",48700,"No","Manager"
960,"Finance",83800,"No","Manager"
961,"IT",65000,"No","Hourly"
962,"Finance",75500,"No","Manager"
963,"Sales",60900,"No","Manager"
964,"Operations",75500,"No","Manager"
965,"Finance",54400,"No","Salaried"
966,"HR",72700,"No","Salaried"
967,"Operations",79400,"No","Salaried"
968,"HR",71000,"Yes","Hourly"
969,"Operations",84000,"No","Manager"
970,"IT",63500,"No","Manager"
971,"Marketing",84800,"Yes","Manager"
972,"Operations",60900,"No","Hourly"
973,"IT",77900,"No","Salaried"
974,"Operations",60700,"Yes","Salaried"
975,"IT",60300,"No","Manager"
976,"Finance",47400,"Yes","Manager"
977,"Sales",74600,"No","Manager"
978,"HR",67100,"Yes","Manager"
979,"Finance",65500,"Yes","Salaried"
980,"Finance",22600,"Yes","Salaried"
981,"Operations",82400,"No","Manager"
982,"HR",73300,"No","Manager"
983,"Operations",52800,"No","Hourly"
984,"Sales",89200,"No","Manager"
985,"Sales",66700,"No","Hourly"
986,"Finance",64300,"Yes","Manager"
987,"Marketing",60600,"No","Hourly"
988,"IT",71300,"No","Manager"
989,"Operations",68200,"Yes","Manager"
990,"IT",74500,"No","Manager"
991,"Marketing",94600,"Yes","Manager"
992,"Marketing",72200,"No","Manager"
993,"Operations",65500,"No","Hourly"
994,"Marketing",68200,"No","Salaried"
995,"Sales",90000,"No","Salaried"
996,"Operations",46100,"Yes","Manager"
997,"HR",69800,"No","Manager"
998,"HR",73400,"No","Hourly"
999,"Marketing",83600,"No","Hourly"
1000,"Operations",75300,"Yes","Salaried"
1001,"IT",56600,"Yes","Salaried"
1002,"Sales",60700,"No","Manager"
1003,"Sales",81800,"No","Salaried"
1004,"Finance",74200,"No","Hourly"
1005,"Marketing",86400,"No","Manager"
1006,"Marketing",51000,"Yes","Hourly"
1007,"Marketing",57500,"No","Hourly"
1008,"Marketing",66800,"No","Manager"
1009,"HR",88100,"No","Salaried"
1010,"Operations",112600,"No","Salaried"
1011,"IT",50200,"No","Manager"
1012,"Sales",102300,"Yes","Salaried"
1013,"Operations",66000,"No","Hourly"
1014,"Finance",57300,"Yes","Salaried"
1015,"HR",52100,"No","Manager"
1016,"Finance",73300,"No","Manager"
1017,"IT",95900,"Yes","Manager"
1018,"Finance",90400,"Yes","Salaried"
1019,"HR",38200,"Yes","Hourly"
1020,"Marketing",74400,"No","Manager"
1021,"Marketing",64500,"Yes","Manager"
1022,"IT",95400,"No","Hourly"
1023,"Finance",51400,"Yes","Salaried"
1024,"Sales",82100,"No","Salaried"
1025,"IT",80300,"Yes","Manager"
1026,"Finance",78000,"Yes","Manager"
1027,"Sales",68800,"No","Hourly"
1028,"IT",76700,"No","Salaried"
1029,"Sales",68000,"No","Hourly"
1030,"Sales",98800,"No","Manager"
1031,"HR",59000,"No","Salaried"
1032,"HR",65700,"No","Hourly"
1033,"IT",101200,"No","Manager"
1034,"Sales",65500,"No","Hourly"
1035,"Finance",60900,"No","Manager"
1036,"IT",79200,"No","Salaried"
1037,"Sales",58900,"No","Salaried"
1038,"Marketing",101600,"No","Manager"
1039,"Operations",57600,"No","Manager"
1040,"Marketing",49700,"No","Manager"
1041,"IT",70800,"No","Salaried"
1042,"Sales",50600,"Yes","Salaried"
1043,"HR",95600,"No","Salaried"
1044,"IT",70200,"No","Salaried"
1045,"HR",76200,"No","Manager"
1046,"Finance",94000,"No","Hourly"
1047,"IT",64100,"No","Manager"
1048,"HR",67700,"No","Manager"
1049,"Sales",54800,"No","Salaried"
1050,"Operations",35100,"No","Salaried"
1051,"Finance",65100,"No","Salaried"
1052,"HR",58300,"Yes","Manager"
1053,"Finance",51600,"No","Manager"
1054,"Operations",84300,"No","Salaried"
1055,"Operations",57400,"No","Salaried"
1056,"Sales",56800,"No","Manager"
1057,"IT",79200,"Yes","Hourly"
1058,"Sales",45000,"No","Salaried"
1059,"IT",70700,"Yes","Hourly"
1060,"Finance",66500,"No","Salaried"
1061,"Sales",82800,"Yes","Manager"
1062,"Finance",75300,"No","Salaried"
1063,"Marketing",78400,"Yes","Manager"
1064,"Operations",67200,"Yes","Manager"
1065,"Finance",44500,"No","Hourly"
1066,"IT",89300,"No","Manager"
1067,"Marketing",80600,"Yes","Hourly"
1068,"Sales",62300,"No","Manager"
1069,"HR",56800,"No","Hourly"
1070,"Sales",84500,"No","Hourly"
1071,"Finance",97900,"No","Hourly"
1072,"Marketing",89300,"No","Salaried"
1073,"Sales",61100,"No","Manager"
1074,"Sales",62500,"No","Salaried"
1075,"Sales",57300,"No","Hourly"
1076,"IT",31700,"Yes","Manager"
1077,"HR",79000,"No","Hourly"
1078,"HR",62000,"No","Manager"
1079,"IT",67100,"Yes","Hourly"
1080,"IT",69600,"No","Manager"
1081,"Marketing",86200,"No","Hourly"
1082,"IT",54600,"No","Salaried"
1083,"Finance",78900,"Yes","Hourly"
1084,"Sales",86200,"No","Hourly"
1085,"Sales",60300,"No","Salaried"
1086,"Sales",60700,"Yes","Manager"
1087,"Finance",74300,"No","Hourly"
1088,"Operations",99500,"No","Salaried"
1089,"Finance",83600,"No","Salaried"
1090,"IT",77000,"Yes","Salaried"
1091,"HR",41100,"No","Manager"
1092,"Marketing",52000,"Yes","Salaried"
1093,"IT",55400,"No","Hourly"
1094,"Finance",42700,"No","Manager"
1095,"Finance",41300,"No","Hourly"
1096,"HR",48000,"No","Hourly"
1097,"IT",63500,"No","Hourly"
1098,"Marketing",89500,"Yes","Manager"
1099,"HR",55600,"No","Salaried"
1100,"Finance",81100,"Yes","Manager"
1101,"Finance",80100,"No","Salaried"
1102,"Sales",54300,"No","Hourly"
1103,"Operations",46600,"No","Hourly"
1104,"HR",71700,"Yes","Salaried"
1105,"HR",53500,"No","Salaried"
1106,"Operations",79200,"No","Hourly"
1107,"HR",43600,"No","Manager"
1108,"Marketing",68200,"No","Salaried"
1109,"Operations",72200,"Yes","Salaried"
1110,"Marketing",57600,"No","Manager"
1111,"Operations",83900,"No","Hourly"
1112,"Marketing",63400,"No","Manager"
1113,"IT",73200,"Yes","Manager"
1114,"Finance",35700,"No","Hourly"
1115,"IT",88500,"No","Manager"
1116,"Operations",53100,"No","Salaried"
1117,"IT",89300,"No","Hourly"
1118,"IT",76400,"No","Hourly"
1119,"Sales",72000,"No","Hourly"
1120,"Finance",77700,"No","Salaried"
1121,"Finance",76100,"No","Hourly"
1122,"Sales",80300,"No","Hourly"
1123,"HR",52500,"Yes","Manager"
1124,"HR",85700,"No","Salaried"
1125,"IT",63600,"No","Hourly"
1126,"IT",43900,"No","Salaried"
1127,"Marketing",93600,"No","Hourly"
1128,"Finance",70200,"No","Hourly"
1129,"HR",81500,"No","Salaried"
1130,"Operations",71700,"No","Manager"
1131,"Operations",51700,"Yes","Manager"
1132,"IT",71500,"No","Hourly"
1133,"IT",57700,"Yes","Manager"
1134,"Sales",111300,"No","Salaried"
1135,"Operations",61800,"Yes","Manager"
1136,"Finance",57300,"No","Manager"
1137,"HR",104000,"No","Salaried"
1138,"Finance",50200,"No","Manager"
1139,"HR",91400,"Yes","Salaried"
1140,"Sales",58700,"No","Hourly"
1141,"IT",74900,"Yes","Salaried"
1142,"IT",57700,"No","Manager"
1143,"HR",71100,"No","Manager"
1144,"HR",78500,"No","Manager"
1145,"Finance",86000,"No","Hourly"
1146,"Sales",48700,"No","Salaried"
1147,"Finance",38700,"No","Hourly"
1148,"Finance",49000,"No","Manager"
1149,"Operations",74300,"No","Hourly"
1150,"IT",104500,"No","Hourly"
1151,"Finance",49400,"No","Hourly"
1152,"Operations",69100,"Yes","Hourly"
1153,"Sales",62900,"Yes","Hourly"
1154,"HR",72000,"No","Salaried"
1155,"HR",68200,"No","Hourly"
1156,"Operations",72700,"No","Manager"
1157,"IT",92500,"Yes","Salaried"
1158,"Sales",95400,"No","Hourly"
1159,"IT",72500,"No","Hourly"
1160,"Finance",91400,"Yes","Hourly"
1161,"Marketing",71900,"No","Hourly"
1162,"IT",74800,"No","Salaried"
1163,"Finance",47400,"Yes","Hourly"
1164,"Marketing",92100,"Yes","Hourly"
1165,"Finance",59200,"No","Manager"
1166,"Finance",57600,"No","Salaried"
1167,"Finance",66700,"No","Salaried"
1168,"Marketing",45900,"Yes","Hourly"
1169,"Sales",63900,"No","Salaried"
1170,"Marketing",54700,"No","Manager"
1171,"IT",88700,"Yes","Manager"
1172,"Marketing",75900,"Yes","Hourly"
1173,"Marketing",63300,"No","Hourly"
1174,"HR",63200,"No","Hourly"
1175,"Marketing",65800,"No","Manager"
1176,"Finance",69000,"No","Manager"
1177,"HR",51600,"Yes","Salaried"
1178,"IT",56100,"No","Hourly"
1179,"IT",72000,"Yes","Hourly"
1180,"Marketing",96400,"No","Hourly"
1181,"Finance",110700,"No","Salaried"
1182,"Operations",96400,"No","Manager"
1183,"Marketing",71600,"No","Salaried"
1184,"Marketing",67700,"No","Salaried"
1185,"Marketing",54400,"Yes","Hourly"
1186,"HR",75700,"No","Salaried"
1187,"Marketing",87900,"No","Manager"
1188,"HR",86800,"No","Manager"
1189,"IT",80400,"No","Hourly"
1190,"Finance",74600,"No","Hourly"
1191,"Operations",83900,"No","Manager"
1192,"Marketing",73100,"No","Manager"
1193,"Marketing",93200,"No","Salaried"
1194,"Sales",92800,"Yes","Salaried"
1195,"IT",69500,"Yes","Hourly"
1196,"Finance",89300,"No","Salaried"
1197,"Operations",55200,"No","Hourly"
1198,"HR",67000,"Yes","Salaried"
1199,"HR",80100,"Yes","Hourly"
1200,"Operations",84300,"No","Hourly"
1201,"Marketing",61000,"Yes","Manager"
1202,"HR",73700,"No","Salaried"
1203,"Marketing",66700,"No","Salaried"
1204,"Marketing",83500,"Yes","Manager"
1205,"Operations",79300,"Yes","Salaried"
1206,"Sales",65100,"No","Hourly"
1207,"Sales",66000,"No","Hourly"
1208,"Operations",66900,"No","Manager"
1209,"Finance",80200,"No","Hourly"
1210,"HR",68500,"Yes","Manager"
1211,"HR",75700,"Yes","Hourly"
1212,"Marketing",62600,"No","Hourly"
1213,"Marketing",70400,"No","Hourly"
1214,"Marketing",62800,"No","Manager"
1215,"Operations",82200,"Yes","Hourly"
1216,"Marketing",88900,"No","Hourly"
1217,"Finance",36000,"No","Salaried"
1218,"Sales",71000,"Yes","Hourly"
1219,"Operations",70500,"No","Salaried"
1220,"Sales",78000,"Yes","Salaried"
1221,"HR",74700,"Yes","Hourly"
1222,"Finance",61700,"Yes","Salaried"
1223,"Sales",57600,"No","Salaried"
1224,"IT",95300,"Yes","Salaried"
1225,"Sales",85600,"No","Manager"
1226,"IT",95100,"Yes","Hourly"
1227,"HR",64100,"No","Salaried"
1228,"Finance",88200,"No","Hourly"
1229,"Sales",52400,"No","Salaried"
1230,"HR",60800,"Yes","Hourly"
1231,"Operations",70300,"Yes","Manager"
1232,"IT",60900,"No","Hourly"
1233,"Operations",77600,"Yes","Hourly"
1234,"Marketing",66100,"Yes","Manager"
1235,"Sales",74000,"No","Salaried"
1236,"Sales",73300,"No","Salaried"
1237,"Operations",36600,"No","Salaried"
1238,"IT",42300,"Yes","Manager"
1239,"Finance",88900,"No","Salaried"
1240,"IT",54000,"Yes","Hourly"
1241,"Sales",73800,"No","Hourly"
1242,"Finance",49600,"No","Manager"
1243,"Finance",71300,"Yes","Salaried"
1244,"HR",55500,"No","Hourly"
1245,"HR",71700,"Yes","Manager"
1246,"Marketing",81500,"No","Salaried"
1247,"Operations",57000,"Yes","Manager"
1248,"HR",56300,"Yes","Salaried"
1249,"IT",57500,"No","Hourly"
1250,"HR",93700,"No","Hourly"
1251,"Operations",49900,"No","Manager"
1252,"Finance",67600,"No","Hourly"
1253,"Marketing",61800,"Yes","Manager"
1254,"Operations",69700,"No","Manager"
1255,"Marketing",44800,"No","Hourly"
1256,"Finance",66700,"Yes","Manager"
1257,"Marketing",49900,"No","Salaried"
1258,"HR",60700,"No","Hourly"
1259,"Finance",81800,"Yes","Salaried"
1260,"Finance",61100,"No","Manager"
1261,"Sales",55100,"No","Hourly"
1262,"Sales",93100,"No","Salaried"
1263,"Finance",84400,"No","Hourly"
1264,"Operations",40400,"No","Salaried"
1265,"IT",56100,"Yes","Manager"
1266,"Operations",71400,"No","Manager"
1267,"Sales",102700,"No","Salaried"
1268,"Sales",83400,"No","Salaried"
1269,"Sales",73200,"Yes","Hourly"
1270,"Marketing",60000,"Yes","Hourly"
1271,"Operations",91000,"No","Salaried"
1272,"Finance",61000,"Yes","Manager"
1273,"IT",68900,"No","Salaried"
1274,"Marketing",63100,"No","Hourly"
1275,"HR",71900,"No","Hourly"
1276,"Operations",59300,"No","Salaried"
1277,"Marketing",52400,"No","Hourly"
1278,"Marketing",54500,"No","Salaried"
1279,"Operations",47700,"Yes","Hourly"
1280,"Marketing",83900,"No","Hourly"
1281,"Operations",68200,"No","Salaried"
1282,"IT",58200,"No","Salaried"
1283,"Finance",63700,"Yes","Manager"
1284,"Marketing",101000,"Yes","Salaried"
1285,"IT",84300,"No","Manager"
1286,"HR",65500,"No","Salaried"
1287,"IT",80300,"Yes","Salaried"
1288,"Marketing",55000,"No","Hourly"
1289,"Sales",83500,"No","Salaried"
1290,"Sales",46800,"No","Hourly"
1291,"IT",70500,"No","Manager"
1292,"Sales",98000,"No","Hourly"
1293,"Sales",44700,"No","Salaried"
1294,"Marketing",108400,"No","Hourly"
1295,"HR",49600,"No","Hourly"
1296,"Marketing",55000,"Yes","Manager"
1297,"Marketing",50900,"No","Salaried"
1298,"Finance",56000,"No","Hourly"
1299,"Operations",77600,"No","Manager"
1300,"Operations",83900,"Yes","Salaried"
1301,"Operations",95400,"No","Salaried"
1302,"Finance",63400,"No","Salaried"
1303,"Operations",93100,"No","Hourly"
1304,"Marketing",102400,"No","Salaried"
1305,"IT",55600,"No","Hourly"
1306,"Sales",99300,"No","Salaried"
1307,"HR",64400,"Yes","Hourly"
1308,"IT",102000,"Yes","Hourly"
1309,"IT",71700,"No","Manager"
1310,"Sales",64100,"No","Manager"
1311,"Finance",60700,"No","Manager"
1312,"Marketing",45200,"No","Hourly"
1313,"Operations",69300,"No","Salaried"
1314,"Marketing",63100,"No","Hourly"
1315,"Operations",61100,"Yes","Salaried"
1316,"Marketing",51000,"Yes","Hourly"
1317,"Sales",87700,"Yes","Manager"
1318,"HR",49400,"No","Salaried"
1319,"HR",77400,"No","Hourly"
1320,"Finance",71800,"No","Manager"
1321,"HR",84200,"No","Hourly"
1322,"Sales",92600,"No","Manager"
1323,"Finance",79400,"Yes","Manager"
1324,"Sales",47300,"Yes","Manager"
1325,"IT",84900,"Yes","Salaried"
1326,"Sales",69500,"No","Salaried"
1327,"HR",72300,"Yes","Salaried"
1328,"Finance",62900,"Yes","Hourly"
1329,"HR",94500,"No","Hourly"
1330,"HR",84000,"Yes","Manager"
1331,"IT",59500,"No","Salaried"
1332,"IT",38000,"No","Manager"
1333,"Finance",53100,"Yes","Salaried"
1334,"Sales",89000,"Yes","Hourly"
1335,"HR",62000,"No","Salaried"
1336,"Finance",62700,"No","Hourly"
1337,"IT",89300,"No","Hourly"
1338,"HR",66400,"No","Manager"
1339,"Finance",69900,"No","Manager"
1340,"Operations",68000,"Yes","Salaried"
1341,"IT",80800,"Yes","Hourly"
1342,"Marketing",68000,"No","Hourly"
1343,"Finance",52500,"No","Salaried"
1344,"Operations",66000,"No","Manager"
1345,"Operations",72700,"No","Hourly"
1346,"IT",103300,"No","Salaried"
1347,"Operations",77000,"No","Hourly"
1348,"IT",63500,"No","Hourly"
1349,"IT",84700,"No","Manager"
1350,"Operations",77500,"Yes","Salaried"
1351,"HR",42100,"Yes","Manager"
1352,"Sales",90200,"Yes","Hourly"
1353,"Operations",76800,"Yes","Manager"
1354,"Operations",78200,"No","Hourly"
1355,"Marketing",63500,"No","Manager"
1356,"Sales",41000,"No","Manager"
1357,"IT",85400,"Yes","Manager"
1358,"IT",66600,"No","Manager"
1359,"HR",58500,"No","Manager"
1360,"Marketing",82000,"No","Manager"
1361,"IT",72900,"No","Hourly"
1362,"HR",89100,"No","Salaried"
1363,"Sales",63700,"No","Hourly"
1364,"Sales",66100,"No","Manager"
1365,"IT",78500,"Yes","Hourly"
1366,"Finance",46000,"No","Manager"
1367,"HR",82500,"No","Manager"
1368,"Marketing",54500,"No","Manager"
1369,"HR",67400,"Yes","Salaried"
1370,"Marketing",78400,"No","Manager"
1371,"Operations",87000,"Yes","Hourly"
1372,"Operations",67200,"Yes","Manager"
1373,"Finance",51300,"No","Salaried"
1374,"IT",67700,"No","Salaried"
1375,"Operations",65100,"No","Manager"
1376,"Operations",65400,"No","Manager"
1377,"Marketing",84800,"No","Manager"
1378,"Finance",73600,"No","Hourly"
1379,"IT",41100,"No","Salaried"
1380,"Marketing",73600,"No","Manager"
1381,"Marketing",91400,"No","Hourly"
1382,"Operations",87100,"Yes","Salaried"
1383,"Finance",62300,"No","Manager"
1384,"Sales",86600,"No","Salaried"
1385,"Sales",84600,"No","Manager"
1386,"HR",54200,"No","Salaried"
1387,"Marketing",67400,"No","Hourly"
1388,"Finance",66900,"No","Hourly"
1389,"Sales",79000,"No","Manager"
1390,"HR",94100,"Yes","Salaried"
1391,"Operations",87000,"No","Hourly"
1392,"Marketing",68600,"No","Salaried"
1393,"Sales",69700,"Yes","Salaried"
1394,"Sales",95100,"Yes","Salaried"
1395,"Operations",38900,"No","Manager"
1396,"Operations",65000,"No","Salaried"
1397,"Finance",32400,"Yes","Manager"
1398,"IT",71700,"No","Manager"
1399,"Sales",77800,"No","Salaried"
1400,"Operations",91800,"No","Manager"
1401,"Operations",71400,"No","Hourly"
1402,"HR",68300,"No","Hourly"
1403,"Marketing",89000,"Yes","Salaried"
1404,"IT",64500,"Yes","Hourly"
1405,"Sales",75000,"No","Salaried"
1406,"Finance",44400,"No","Manager"
1407,"IT",43800,"No","Salaried"
1408,"Finance",95400,"No","Salaried"
1409,"Marketing",85900,"No","Salaried"
1410,"Sales",133400,"No","Manager"
1411,"Marketing",61800,"No","Manager"
1412,"HR",96400,"Yes","Manager"
1413,"Finance",75900,"Yes","Salaried"
1414,"IT",85600,"No","Salaried"
1415,"Operations",86000,"Yes","Salaried"
1416,"Operations",66800,"No","Manager"
1417,"IT",68100,"Yes","Manager"
1418,"IT",88100,"No","Manager"
1419,"IT",62700,"Yes","Salaried"
1420,"Finance",52100,"No","Salaried"
1421,"HR",84900,"Yes","Salaried"
1422,"IT",76200,"No","Manager"
1423,"Operations",61600,"No","Salaried"
1424,"Marketing",53100,"Yes","Hourly"
1425,"Operations",69200,"Yes","Hourly"
1426,"Marketing",96500,"No","Manager"
1427,"Marketing",94500,"No","Hourly"
1428,"Sales",81600,"No","Hourly"
1429,"Marketing",66900,"No","Hourly"
1430,"IT",48300,"No","Hourly"
1431,"Operations",76900,"No","Hourly"
1432,"Sales",49900,"No","Manager"
1433,"Finance",110600,"No","Manager"
1434,"IT",63500,"Yes","Salaried"
1435,"Marketing",106500,"Yes","Salaried"
1436,"Operations",82800,"Yes","Manager"
1437,"IT",86700,"No","Manager"
1438,"Operations",99700,"No","Salaried"
1439,"Sales",63200,"Yes","Salaried"
1440,"Finance",82900,"Yes","Hourly"
1441,"HR",89200,"No","Salaried"
1442,"IT",79400,"No","Hourly"
1443,"Finance",58700,"No","Hourly"
1444,"Marketing",66300,"No","Salaried"
1445,"HR",65600,"No","Hourly"
1446,"HR",43300,"No","Hourly"
1447,"Marketing",65400,"No","Manager"
1448,"Marketing",71300,"Yes","Hourly"
1449,"Sales",69800,"No","Manager"
1450,"Marketing",72200,"No","Salaried"
1451,"Sales",80700,"Yes","Hourly"
1452,"Marketing",89800,"No","Hourly"
1453,"IT",75500,"No","Hourly"
1454,"HR",73500,"Yes","Salaried"
1455,"Finance",81800,"Yes","Salaried"
1456,"Finance",66600,"No","Manager"
1457,"HR",89600,"Yes","Manager"
1458,"Operations",76000,"Yes","Manager"
1459,"Finance",79800,"No","Manager"
1460,"Sales",75600,"No","Manager"
1461,"Operations",70800,"Yes","Manager"
1462,"Finance",51400,"No","Salaried"
1463,"HR",50800,"No","Hourly"
1464,"Finance",31700,"Yes","Salaried"
1465,"Sales",56200,"Yes","Salaried"
1466,"Finance",77900,"No","Manager"
1467,"Sales",48200,"No","Salaried"
1468,"IT",78100,"No","Salaried"
1469,"Operations",55600,"No","Salaried"
1470,"Marketing",62500,"No","Hourly"
1471,"IT",55600,"No","Manager"
1472,"Marketing",71200,"Yes","Salaried"
1473,"Finance",94700,"No","Manager"
1474,"Marketing",64500,"No","Hourly"
1475,"Operations",68100,"No","Hourly"
1476,"Marketing",52700,"No","Manager"
1477,"Marketing",72600,"No","Manager"
1478,"Operations",88400,"No","Salaried"
1479,"HR",67000,"No","Hourly"
1480,"Marketing",71900,"Yes","Salaried"
1481,"Finance",67700,"No","Salaried"
1482,"Operations",63000,"No","Hourly"
1483,"Operations",85100,"No","Hourly"
1484,"Marketing",74100,"No","Salaried"
1485,"Operations",58400,"No","Hourly"
1486,"IT",65700,"No","Salaried"
1487,"Marketing",79000,"No","Hourly"
1488,"Finance",101700,"No","Manager"
1489,"IT",80900,"No","Hourly"
1490,"Marketing",87800,"No","Manager"
1491,"Finance",99100,"No","Hourly"
1492,"Sales",77500,"No","Salaried"
1493,"Finance",56400,"No","Hourly"
1494,"Marketing",92800,"No","Manager"
1495,"HR",44900,"Yes","Salaried"
1496,"Sales",71100,"Yes","Manager"
1497,"HR",73200,"Yes","Hourly"
1498,"HR",43300,"No","Salaried"
1499,"IT",88500,"No","Manager"
1500,"Finance",48200,"No","Manager"
1501,"Marketing",67500,"No","Salaried"
1502,"Sales",95400,"No","Salaried"
1503,"Finance",61200,"Yes","Salaried"
1504,"Sales",87400,"Yes","Salaried"
1505,"Operations",70400,"No","Manager"
1506,"IT",76200,"No","Hourly"
1507,"HR",67400,"Yes","Salaried"
1508,"Operations",93500,"No","Salaried"
1509,"IT",66500,"Yes","Manager"
1510,"Sales",55800,"Yes","Hourly"
1511,"HR",91200,"No","Manager"
1512,"IT",88500,"No","Hourly"
1513,"Sales",80900,"Yes","Salaried"
1514,"Sales",46000,"No","Salaried"
1515,"Sales",91000,"No","Salaried"
1516,"Operations",63800,"No","Hourly"
1517,"HR",95400,"No","Salaried"
1518,"Sales",65400,"No","Manager"
1519,"IT",78300,"No","Hourly"
1520,"Finance",81100,"No","Manager"
1521,"IT",72200,"Yes","Hourly"
1522,"Marketing",81700,"No","Hourly"
1523,"HR",74800,"Yes","Hourly"
1524,"IT",91900,"No","Manager"
1525,"Marketing",55700,"Yes","Salaried"
1526,"Sales",49800,"Yes","Hourly"
1527,"Marketing",80600,"No","Salaried"
1528,"Marketing",83000,"No","Manager"
1529,"Sales",64300,"Yes","Manager"
1530,"HR",68000,"No","Salaried"
1531,"Marketing",77300,"No","Manager"
1532,"HR",89000,"No","Manager"
1533,"Marketing",81700,"No","Hourly"
1534,"Finance",69900,"No","Salaried"
1535,"Finance",101900,"Yes","Manager"
1536,"IT",68400,"No","Manager"
1537,"Marketing",75200,"No","Hourly"
1538,"Operations",80900,"No","Hourly"
1539,"Sales",85000,"No","Manager"
1540,"Sales",69400,"Yes","Hourly"
1541,"Finance",67700,"No","Salaried"
1542,"Sales",65500,"No","Manager"
1543,"HR",79700,"Yes","Manager"
1544,"HR",67000,"No","Hourly"
1545,"Operations",89400,"Yes","Manager"
1546,"HR",38700,"No","Manager"
1547,"Finance",52000,"Yes","Manager"
1548,"Finance",53200,"No","Salaried"
1549,"Finance",83800,"No","Manager"
1550,"Finance",63300,"No","Salaried"
1551,"Marketing",69300,"No","Salaried"
1552,"Finance",59200,"No","Salaried"
1553,"Sales",46200,"Yes","Hourly"
1554,"IT",75900,"No","Hourly"
1555,"Finance",49100,"Yes","Salaried"
1556,"Sales",82300,"No","Manager"
1557,"Sales",67600,"No","Salaried"
1558,"Marketing",76500,"Yes","Manager"
1559,"Marketing",64800,"No","Manager"
1560,"Sales",73900,"Yes","Salaried"
1561,"Marketing",96100,"No","Manager"
1562,"IT",82200,"No","Salaried"
1563,"Finance",56200,"Yes","Salaried"
1564,"Finance",76700,"Yes","Manager"
1565,"Sales",83500,"No","Salaried"
1566,"HR",66900,"Yes","Manager"
1567,"Marketing",79700,"Yes","Hourly"
1568,"IT",75700,"No","Hourly"
1569,"Operations",55600,"No","Hourly"
1570,"Sales",68300,"No","Hourly"
1571,"HR",73100,"No","Salaried"
1572,"Marketing",74500,"No","Manager"
1573,"HR",63100,"No","Hourly"
1574,"IT",57000,"Yes","Salaried"
1575,"IT",59900,"No","Manager"
1576,"Sales",66100,"No","Hourly"
1577,"IT",64200,"No","Manager"
1578,"Finance",56300,"Yes","Salaried"
1579,"Finance",88100,"No","Salaried"
1580,"Sales",61900,"Yes","Salaried"
1581,"Finance",78500,"No","Hourly"
1582,"IT",52500,"No","Hourly"
1583,"IT",88700,"No","Hourly"
1584,"Finance",62400,"No","Manager"
1585,"Finance",43300,"Yes","Salaried"
1586,"IT",74400,"No","Hourly"
1587,"IT",42800,"No","Salaried"
1588,"Sales",82200,"No","Salaried"
1589,"IT",52800,"No","Manager"
1590,"Operations",69800,"Yes","Hourly"
1591,"Operations",75500,"No","Salaried"
1592,"Sales",63000,"Yes","Salaried"
1593,"HR",49300,"Yes","Salaried"
1594,"Finance",59800,"No","Manager"
1595,"IT",95800,"No","Salaried"
1596,"HR",74800,"No","Hourly"
1597,"Operations",65600,"No","Manager"
1598,"Sales",62000,"Yes","Hourly"
1599,"Finance",74900,"No","Manager"
1600,"Marketing",94600,"No","Manager"
1601,"Sales",86100,"No","Manager"
1602,"Marketing",68400,"Yes","Salaried"
1603,"Operations",75900,"No","Hourly"
1604,"HR",58200,"No","Salaried"
1605,"HR",64100,"No","Manager"
1606,"Sales",71500,"No","Hourly"
1607,"HR",90100,"No","Manager"
1608,"Finance",90800,"No","Hourly"
1609,"Marketing",42100,"No","Salaried"
1610,"Operations",66800,"Yes","Hourly"
1611,"Marketing",68300,"No","Hourly"
1612,"IT",84400,"No","Manager"
1613,"Marketing",79500,"No","Salaried"
1614,"Operations",66300,"No","Hourly"
1615,"Finance",85200,"No","Salaried"
1616,"HR",59900,"No","Manager"
1617,"Sales",80500,"No","Manager"
1618,"Marketing",81900,"Yes","Manager"
1619,"HR",96800,"No","Hourly"
1620,"Sales",79600,"Yes","Salaried"
1621,"IT",43700,"Yes","Salaried"
1622,"Finance",53700,"Yes","Salaried"
1623,"Sales",74900,"No","Hourly"
1624,"Marketing",58000,"Yes","Hourly"
1625,"Operations",42200,"Yes","Manager"
1626,"Finance",64200,"Yes","Manager"
1627,"HR",71900,"No","Salaried"
1628,"IT",112000,"Yes","Salaried"
1629,"IT",74200,"No","Hourly"
1630,"IT",57600,"Yes","Salaried"
1631,"Marketing",52700,"No","Manager"
1632,"Operations",62400,"No","Hourly"
1633,"IT",69300,"Yes","Salaried"
1634,"Operations",36500,"Yes","Hourly"
1635,"HR",58100,"No","Hourly"
1636,"HR",90400,"No","Manager"
1637,"Marketing",70100,"No","Manager"
1638,"HR",95100,"No","Manager"
1639,"Sales",45200,"No","Hourly"
1640,"Finance",67300,"No","Salaried"
1641,"Marketing",71700,"No","Manager"
1642,"Finance",81300,"Yes","Hourly"
1643,"Marketing",64900,"No","Salaried"
1644,"Sales",80700,"Yes","Manager"
1645,"IT",64400,"No","Salaried"
1646,"IT",87900,"No","Manager"
1647,"Operations",70700,"No","Hourly"
1648,"Marketing",93500,"Yes","Salaried"
1649,"Sales",69000,"No","Salaried"
1650,"Sales",77500,"No","Hourly"
1651,"HR",79600,"Yes","Salaried"
1652,"Finance",42600,"No","Salaried"
1653,"Operations",67200,"No","Hourly"
1654,"Sales",73500,"No","Manager"
1655,"Sales",65500,"No","Hourly"
1656,"IT",64200,"No","Hourly"
1657,"IT",75500,"Yes","Hourly"
1658,"HR",99700,"No","Manager"
1659,"Finance",62600,"No","Salaried"
1660,"Finance",69700,"Yes","Manager"
1661,"Finance",91500,"No","Manager"
1662,"Operations",80800,"Yes","Hourly"
1663,"IT",77300,"Yes","Manager"
1664,"Operations",88900,"Yes","Salaried"
1665,"Finance",70200,"Yes","Hourly"
1666,"Sales",66900,"No","Hourly"
1667,"IT",83400,"No","Hourly"
1668,"Finance",63100,"No","Manager"
1669,"Marketing",64100,"Yes","Manager"
1670,"Operations",105200,"No","Hourly"
1671,"Marketing",86400,"No","Manager"
1672,"HR",90000,"No","Salaried"
1673,"Operations",61300,"No","Salaried"
1674,"Finance",108000,"No","Hourly"
1675,"Sales",57700,"No","Hourly"
1676,"Marketing",63200,"No","Salaried"
1677,"HR",60800,"No","Hourly"
1678,"HR",55400,"Yes","Salaried"
1679,"Operations",66100,"No","Salaried"
1680,"Finance",50300,"No","Hourly"
1681,"Marketing",66800,"No","Salaried"
1682,"Sales",76100,"Yes","Salaried"
1683,"IT",66300,"No","Salaried"
1684,"IT",72900,"No","Salaried"
1685,"IT",69600,"Yes","Manager"
1686,"Marketing",74900,"Yes","Manager"
1687,"Operations",61100,"No","Hourly"
1688,"Marketing",63700,"No","Manager"
1689,"Marketing",79600,"No","Hourly"
1690,"IT",61900,"No","Salaried"
1691,"IT",74900,"No","Hourly"
1692,"Sales",60400,"No","Salaried"
1693,"Operations",79200,"No","Salaried"
1694,"Sales",55300,"No","Salaried"
1695,"IT",61800,"Yes","Manager"
1696,"HR",77400,"Yes","Hourly"
1697,"Finance",66500,"No","Manager"
1698,"Marketing",46100,"No","Salaried"
1699,"Sales",67200,"No","Manager"
1700,"IT",83800,"No","Hourly"
1701,"Marketing",90200,"No","Salaried"
1702,"Operations",78500,"No","Hourly"
1703,"IT",86200,"No","Hourly"
1704,"Marketing",78300,"No","Hourly"
1705,"IT",61000,"No","Salaried"
1706,"Sales",55900,"No","Salaried"
1707,"Operations",57300,"No","Manager"
1708,"HR",82500,"Yes","Manager"
1709,"Marketing",54800,"No","Salaried"
1710,"Operations",46400,"No","Manager"
1711,"HR",75700,"No","Salaried"
1712,"IT",80600,"Yes","Hourly"
1713,"Finance",76200,"No","Hourly"
1714,"HR",85200,"Yes","Salaried"
1715,"Sales",88700,"No","Hourly"
1716,"Operations",79900,"No","Hourly"
1717,"Operations",55700,"No","Manager"
1718,"IT",66400,"No","Salaried"
1719,"Finance",76100,"Yes","Salaried"
1720,"IT",66400,"No","Manager"
1721,"IT",100200,"No","Hourly"
1722,"Operations",57400,"Yes","Salaried"
1723,"Sales",92500,"No","Manager"
1724,"IT",101100,"No","Salaried"
1725,"Marketing",82100,"Yes","Manager"
1726,"Sales",50600,"No","Hourly"
1727,"IT",76100,"No","Manager"
1728,"Sales",70300,"No","Salaried"
1729,"Operations",50500,"No","Hourly"
1730,"Sales",77500,"Yes","Hourly"
1731,"Finance",84500,"No","Manager"
1732,"Marketing",93700,"No","Salaried"
1733,"Finance",78000,"Yes","Salaried"
1734,"Sales",62800,"No","Hourly"
1735,"Operations",71900,"No","Hourly"
1736,"Finance",90300,"No","Manager"
1737,"Operations",67000,"No","Manager"
1738,"Sales",52300,"No","Salaried"
1739,"Marketing",86300,"No","Hourly"
1740,"Finance",58100,"No","Manager"
1741,"Operations",71600,"No","Manager"
1742,"Marketing",70200,"No","Manager"
1743,"HR",41100,"No","Salaried"
1744,"Marketing",67700,"Yes","Hourly"
1745,"Sales",82300,"No","Hourly"
1746,"Marketing",57100,"No","Hourly"
1747,"Finance",71200,"No","Salaried"
1748,"Marketing",60900,"No","Manager"
1749,"Finance",67200,"No","Manager"
1750,"Marketing",73400,"No","Manager"
1751,"HR",72800,"No","Hourly"
1752,"Sales",62900,"Yes","Manager"
1753,"Finance",60700,"No","Manager"
1754,"HR",62100,"No","Hourly"
1755,"Operations",56400,"No","Salaried"
1756,"Sales",77400,"No","Hourly"
1757,"Operations",94600,"No","Hourly"
1758,"Operations",55700,"Yes","Manager"
1759,"HR",79800,"Yes","Manager"
1760,"HR",57100,"No","Salaried"
1761,"IT",67800,"No","Hourly"
1762,"Finance",95200,"No","Salaried"
1763,"IT",69500,"No","Manager"
1764,"IT",64000,"Yes","Salaried"
1765,"Marketing",73600,"Yes","Hourly"
1766,"Sales",44600,"No","Hourly"
1767,"IT",85600,"No","Salaried"
1768,"Finance",80100,"No","Manager"
1769,"Operations",70800,"No","Salaried"
1770,"IT",64400,"No","Hourly"
1771,"Operations",64300,"No","Salaried"
1772,"Marketing",86600,"Yes","Hourly"
1773,"Operations",78000,"No","Salaried"
1774,"HR",78400,"Yes","Salaried"
1775,"Marketing",89800,"No","Salaried"
1776,"Finance",75900,"No","Salaried"
1777,"IT",75200,"Yes","Hourly"
1778,"IT",72800,"No","Salaried"
1779,"Operations",75100,"Yes","Salaried"
1780,"Operations",94100,"No","Manager"
1781,"Marketing",65900,"No","Salaried"
1782,"Sales",34700,"No","Salaried"
1783,"Marketing",83500,"No","Manager"
1784,"Marketing",78900,"Yes","Salaried"
1785,"Marketing",44700,"Yes","Hourly"
1786,"HR",49100,"Yes","Hourly"
1787,"HR",55500,"No","Hourly"
1788,"Operations",90700,"No","Salaried"
1789,"Finance",60300,"Yes","Salaried"
1790,"Operations",66300,"Yes","Manager"
1791,"Operations",64800,"No","Salaried"
1792,"Operations",68400,"No","Salaried"
1793,"Operations",65000,"Yes","Salaried"
1794,"HR",79600,"No","Hourly"
1795,"Operations",77500,"No","Hourly"
1796,"Operations",78800,"Yes","Salaried"
1797,"IT",72000,"No","Salaried"
1798,"Marketing",72100,"No","Hourly"
1799,"Operations",83000,"No","Salaried"
1800,"Finance",58100,"No","Hourly"
1801,"Sales",42000,"No","Hourly"
1802,"Finance",50100,"No","Salaried"
1803,"Marketing",79000,"No","Manager"
1804,"Marketing",60200,"No","Hourly"
1805,"Marketing",61800,"Yes","Hourly"
1806,"Operations",50600,"No","Salaried"
1807,"Operations",67500,"Yes","Manager"
1808,"Marketing",81200,"No","Hourly"
1809,"HR",86400,"Yes","Manager"
1810,"IT",70200,"No","Hourly"
1811,"Marketing",91500,"No","Manager"
1812,"HR",70800,"No","Salaried"
1813,"HR",76700,"Yes","Hourly"
1814,"Sales",46500,"No","Manager"
1815,"Operations",76000,"Yes","Manager"
1816,"Finance",76000,"No","Hourly"
1817,"IT",59200,"No","Manager"
1818,"Finance",72900,"No","Hourly"
1819,"Marketing",76600,"Yes","Hourly"
1820,"Finance",68400,"No","Salaried"
1821,"HR",64600,"Yes","Hourly"
1822,"IT",72500,"Yes","Hourly"
1823,"Finance",42000,"No","Manager"
1824,"Finance",77200,"Yes","Salaried"
1825,"IT",66400,"Yes","Salaried"
1826,"Operations",83300,"No","Manager"
1827,"IT",49900,"No","Hourly"
1828,"IT",59800,"No","Hourly"
1829,"Sales",43400,"No","Manager"
1830,"Operations",81500,"No","Salaried"
1831,"Sales",60200,"No","Manager"
1832,"Operations",73100,"No","Hourly"
1833,"Marketing",46500,"No","Manager"
1834,"Marketing",93500,"No","Hourly"
1835,"Marketing",86400,"No","Manager"
1836,"Marketing",73700,"No","Manager"
1837,"Finance",87100,"No","Hourly"
1838,"Marketing",61000,"Yes","Salaried"
1839,"Marketing",64000,"No","Salaried"
1840,"Finance",75300,"No","Manager"
1841,"HR",72800,"No","Manager"
1842,"Finance",65800,"No","Manager"
1843,"Marketing",62300,"Yes","Manager"
1844,"Operations",63200,"No","Manager"
1845,"HR",57800,"No","Salaried"
1846,"Sales",61500,"No","Hourly"
1847,"IT",75500,"No","Salaried"
1848,"Finance",66500,"No","Manager"
1849,"Sales",99000,"No","Salaried"
1850,"Marketing",59800,"Yes","Hourly"
1851,"Finance",89500,"No","Hourly"
1852,"Marketing",75300,"Yes","Salaried"
1853,"HR",96700,"Yes","Manager"
1854,"Finance",95500,"Yes","Salaried"
1855,"Finance",73100,"Yes","Manager"
1856,"IT",71400,"No","Hourly"
1857,"HR",57800,"Yes","Salaried"
1858,"HR",67300,"No","Manager"
1859,"HR",100200,"No","Hourly"
1860,"Sales",68100,"No","Manager"
1861,"Marketing",89100,"No","Salaried"
1862,"IT",68200,"No","Hourly"
1863,"Sales",53200,"Yes","Manager"
1864,"Operations",60800,"No","Hourly"
1865,"Marketing",90600,"No","Hourly"
1866,"Finance",74400,"No","Salaried"
1867,"Operations",75900,"Yes","Manager"
1868,"Sales",70500,"Yes","Hourly"
1869,"Marketing",79300,"No","Manager"
1870,"IT",44900,"Yes","Salaried"
1871,"HR",72100,"Yes","Manager"
1872,"IT",82000,"No","Salaried"
1873,"IT",73100,"No","Hourly"
1874,"Sales",78400,"No","Manager"
1875,"IT",57100,"No","Hourly"
1876,"Finance",64500,"No","Manager"
1877,"HR",61100,"No","Manager"
1878,"HR",58300,"Yes","Manager"
1879,"Operations",81900,"No","Manager"
1880,"Finance",62000,"Yes","Hourly"
1881,"Operations",69700,"Yes","Manager"
1882,"Operations",74800,"Yes","Salaried"
1883,"IT",89900,"No","Manager"
1884,"HR",86600,"No","Salaried"
1885,"IT",67000,"No","Hourly"
1886,"Marketing",73500,"No","Manager"
1887,"IT",67100,"No","Salaried"
1888,"Operations",83900,"No","Manager"
1889,"IT",48700,"No","Salaried"
1890,"Sales",59800,"No","Salaried"
1891,"HR",93000,"No","Hourly"
1892,"Sales",56100,"No","Hourly"
1893,"HR",75800,"Yes","Manager"
1894,"HR",64800,"No","Manager"
1895,"Marketing",92000,"No","Manager"
1896,"Operations",77200,"Yes","Hourly"
1897,"Marketing",61700,"No","Hourly"
1898,"IT",84600,"No","Hourly"
1899,"Operations",32800,"Yes","Salaried"
1900,"Marketing",78100,"No","Salaried"
1901,"Sales",85300,"No","Manager"
1902,"IT",49900,"No","Manager"
1903,"Operations",96700,"No","Salaried"
1904,"HR",61500,"Yes","Salaried"
1905,"Marketing",44700,"No","Manager"
1906,"HR",76500,"No","Hourly"
1907,"Operations",74100,"Yes","Salaried"
1908,"Sales",84700,"Yes","Hourly"
1909,"Finance",74500,"No","Manager"
1910,"Sales",77500,"No","Manager"
1911,"IT",30400,"Yes","Salaried"
1912,"Finance",100700,"No","Manager"
1913,"Marketing",70900,"No","Hourly"
1914,"IT",87500,"Yes","Salaried"
1915,"Marketing",64700,"Yes","Salaried"
1916,"Finance",77600,"No","Salaried"
1917,"Sales",67800,"No","Hourly"
1918,"IT",86700,"Yes","Salaried"
1919,"Sales",57200,"No","Hourly"
1920,"Marketing",67300,"No","Hourly"
1921,"IT",72200,"Yes","Manager"
1922,"Finance",63500,"No","Hourly"
1923,"Operations",75400,"No","Hourly"
1924,"HR",61800,"No","Manager"
1925,"Sales",66900,"No","Manager"
1926,"IT",74500,"Yes","Manager"
1927,"Finance",70300,"No","Salaried"
1928,"IT",51500,"No","Manager"
1929,"Sales",88900,"Yes","Salaried"
1930,"HR",85500,"No","Salaried"
1931,"IT",35100,"Yes","Salaried"
1932,"IT",84900,"No","Salaried"
1933,"Sales",81200,"Yes","Salaried"
1934,"IT",61000,"No","Hourly"
1935,"IT",68200,"No","Manager"
1936,"Sales",69900,"No","Hourly"
1937,"IT",80100,"No","Salaried"
1938,"IT",73500,"No","Hourly"
1939,"IT",55100,"No","Manager"
1940,"Operations",53200,"No","Salaried"
1941,"Finance",77600,"No","Salaried"
1942,"Marketing",85600,"No","Manager"
1943,"Finance",84500,"No","Hourly"
1944,"HR",59700,"Yes","Hourly"
1945,"Sales",68900,"No","Manager"
1946,"Marketing",57000,"No","Hourly"
1947,"Finance",64800,"Yes","Salaried"
1948,"HR",52300,"No","Salaried"
1949,"Sales",62700,"No","Salaried"
1950,"Marketing",82500,"No","Hourly"
1951,"Finance",37400,"No","Hourly"
1952,"Operations",87900,"Yes","Manager"
1953,"HR",63000,"Yes","Salaried"
1954,"Finance",51900,"No","Hourly"
1955,"HR",67300,"No","Hourly"
1956,"Finance",70000,"No","Hourly"
1957,"HR",50900,"Yes","Salaried"
1958,"Finance",73600,"No","Salaried"
1959,"Finance",60300,"No","Salaried"
1960,"Finance",77500,"No","Salaried"
1961,"IT",61700,"Yes","Salaried"
1962,"Sales",59000,"Yes","Salaried"
1963,"Finance",80400,"No","Hourly"
1964,"Marketing",68200,"No","Manager"
1965,"HR",79200,"No","Salaried"
1966,"Finance",76500,"Yes","Hourly"
1967,"Sales",50000,"Yes","Salaried"
1968,"Operations",55000,"No","Hourly"
1969,"HR",80000,"No","Salaried"
1970,"Finance",90900,"No","Manager"
1971,"Operations",61400,"No","Hourly"
1972,"HR",84100,"Yes","Manager"
1973,"Marketing",81900,"Yes","Hourly"
1974,"Finance",74300,"No","Salaried"
1975,"Sales",89600,"No","Manager"
1976,"HR",81400,"Yes","Hourly"
1977,"Operations",62900,"No","Manager"
1978,"Operations",46200,"No","Salaried"
1979,"Finance",75900,"No","Manager"
1980,"Marketing",78300,"Yes","Manager"
1981,"Operations",79900,"No","Hourly"
1982,"Finance",90900,"No","Manager"
1983,"IT",62400,"No","Hourly"
1984,"Finance",70800,"No","Salaried"
1985,"Operations",81400,"No","Manager"
1986,"Marketing",79000,"No","Manager"
1987,"Operations",65200,"No","Manager"
1988,"Marketing",82000,"No","Manager"
1989,"IT",72400,"No","Manager"
1990,"Marketing",79200,"No","Hourly"
1991,"Marketing",74300,"Yes","Hourly"
1992,"Finance",24400,"Yes","Hourly"
1993,"Finance",71100,"No","Hourly"
1994,"HR",92700,"No","Manager"
1995,"IT",51900,"No","Salaried"
1996,"HR",95000,"Yes","Salaried"
1997,"Sales",81700,"No","Manager"
1998,"Finance",54700,"No","Manager"
1999,"Finance",62500,"Yes","Manager"
2000,"Marketing",66300,"Yes","Manager"
