"employee_id","department","job_level","gender"
1,"Finance","Hourly","Other"
2,"Marketing","Salaried","Female"
3,"IT","Salaried","Male"
4,"Sales","Salaried","Female"
5,"Marketing","Manager","Male"
6,"Marketing","Salaried","Other"
7,"Marketing","Hourly","Other"
8,"IT","Hourly","Other"
9,"Finance","Manager","Male"
10,"Sales","Manager","Other"
11,"Engineering","Hourly","Female"
12,"Sales","Hourly","Other"
13,"Sales","Hourly","Female"
14,"Operations","Manager","Female"
15,"Sales","Manager","Male"
16,"Marketing","Manager","Female"
17,"Finance","Hourly","Female"
18,"Sales","Salaried","Other"
19,"IT","Salaried","Other"
20,"IT","Salaried","Male"
21,"Sales","Manager","Male"
22,"Marketing","Manager","Male"
23,"Operations","Manager","Other"
24,"Marketing","Salaried","Female"
25,"Sales","Salaried","Male"
26,"IT","Salaried","Male"
27,"Marketing","Salaried","Female"
28,"Engineering","Salaried","Other"
29,"IT","Salaried","Other"
30,"Finance","Manager","Male"
31,"Sales","Salaried","Female"
32,"IT","Manager","Male"
33,"Finance","Manager","Female"
34,"Marketing","Manager","Female"
35,"Operations","Manager","Female"
36,"Engineering","Manager","Other"
37,"Marketing","Manager","Male"
38,"Engineering","Hourly","Female"
39,"IT","Salaried","Female"
40,"Operations","Manager","Female"
41,"Marketing","Salaried","Female"
42,"IT","Manager","Male"
43,"Marketing","Hourly","Female"
44,"Operations","Manager","Female"
45,"Marketing","Manager","Male"
46,"Engineering","Hourly","Female"
47,"Engineering","Hourly","Male"
48,"Operations","Hourly","Male"
49,"Engineering","Salaried","Other"
50,"Marketing","Salaried","Male"
51,"Operations","Hourly","Female"
52,"IT","Manager","Male"
53,"Engineering","Hourly","Male"
54,"Finance","Hourly","Male"
55,"Sales","Salaried","Male"
56,"Engineering","Manager","Female"
57,"Engineering","Manager","Female"
58,"Sales","Salaried","Other"
59,"Operations","Salaried","Male"
60,"Finance","Hourly","Female"
61,"Sales","Manager","Female"
62,"Finance","Salaried","Female"
63,"Engineering","Manager","Male"
64,"Engineering","Hourly","Male"
65,"Operations","Salaried","Female"
66,"Marketing","Hourly","Male"
67,"Sales","Hourly","Male"
68,"Operations","Salaried","Other"
69,"Sales","Manager","Female"
70,"IT","Salaried","Female"
71,"Engineering","Salaried","Male"
72,"Marketing","Hourly","Other"
73,"IT","Hourly","Other"
74,"Finance","Hourly","Other"
75,"Operations","Manager","Male"
76,"Sales","Salaried","Male"
77,"IT","Salaried","Female"
78,"Engineering","Manager","Female"
79,"Operations","Salaried","Female"
80,"IT","Hourly","Other"
81,"Finance","Salaried","Other"
82,"Finance","Salaried","Male"
83,"Marketing","Salaried","Female"
84,"Finance","Hourly","Female"
85,"Finance","Salaried","Other"
86,"Engineering","Hourly","Other"
87,"Operations","Salaried","Female"
88,"Marketing","Manager","Female"
89,"Marketing","Hourly","Female"
90,"Operations","Hourly","Female"
91,"IT","Hourly","Male"
92,"Sales","Manager","Other"
93,"Marketing","Hourly","Male"
94,"Finance","Salaried","Male"
95,"Finance","Hourly","Male"
96,"Engineering","Manager","Male"
97,"Finance","Manager","Female"
98,"IT","Salaried","Other"
99,"Finance","Salaried","Other"
100,"Operations","Salaried","Male"
101,"Marketing","Hourly","Female"
102,"Engineering","Salaried","Other"
103,"Finance","Manager","Male"
104,"Sales","Manager","Female"
105,"Marketing","Hourly","Male"
106,"Operations","Hourly","Female"
107,"Operations","Hourly","Other"
108,"Engineering","Manager","Other"
109,"IT","Hourly","Male"
110,"Operations","Manager","Male"
111,"IT","Hourly","Other"
112,"Sales","Manager","Other"
113,"Marketing","Hourly","Female"
114,"IT","Salaried","Other"
115,"IT","Hourly","Male"
116,"Sales","Hourly","Other"
117,"Engineering","Salaried","Other"
118,"Operations","Hourly","Male"
119,"Operations","Salaried","Female"
120,"Engineering","Hourly","Other"
121,"Marketing","Manager","Male"
122,"Sales","Manager","Female"
123,"IT","Salaried","Other"
124,"IT","Manager","Female"
125,"Sales","Salaried","Male"
126,"Marketing","Salaried","Other"
127,"Engineering","Salaried","Female"
128,"Finance","Manager","Male"
129,"Sales","Hourly","Male"
130,"IT","Manager","Other"
131,"Operations","Manager","Female"
132,"Sales","Salaried","Female"
133,"Operations","Manager","Other"
134,"Engineering","Hourly","Female"
135,"Sales","Manager","Female"
136,"Engineering","Hourly","Other"
137,"Finance","Manager","Female"
138,"Engineering","Manager","Male"
139,"Operations","Manager","Male"
140,"IT","Hourly","Female"
141,"Finance","Salaried","Male"
142,"Engineering","Salaried","Female"
143,"Sales","Hourly","Female"
144,"Marketing","Hourly","Other"
145,"Marketing","Manager","Female"
146,"Marketing","Hourly","Female"
147,"IT","Manager","Other"
148,"IT","Manager","Male"
149,"IT","Salaried","Male"
150,"Engineering","Hourly","Female"
151,"Sales","Salaried","Female"
152,"Finance","Manager","Male"
153,"Engineering","Manager","Other"
154,"IT","Salaried","Female"
155,"Operations","Hourly","Other"
156,"IT","Salaried","Other"
157,"Engineering","Salaried","Other"
158,"Engineering","Hourly","Other"
159,"Sales","Hourly","Other"
160,"Sales","Manager","Male"
161,"Marketing","Salaried","Female"
162,"Engineering","Hourly","Other"
163,"Finance","Salaried","Other"
164,"Marketing","Salaried","Other"
165,"Finance","Salaried","Male"
166,"Operations","Salaried","Male"
167,"Sales","Manager","Female"
168,"Marketing","Manager","Other"
169,"Finance","Salaried","Male"
170,"Engineering","Manager","Male"
171,"Finance","Salaried","Female"
172,"Operations","Hourly","Male"
173,"Sales","Hourly","Male"
174,"Finance","Manager","Other"
175,"Engineering","Manager","Male"
176,"Marketing","Salaried","Female"
177,"IT","Manager","Other"
178,"Engineering","Salaried","Other"
179,"Finance","Manager","Male"
180,"Engineering","Hourly","Other"
181,"IT","Hourly","Other"
182,"Finance","Salaried","Other"
183,"Finance","Manager","Other"
184,"Operations","Salaried","Male"
185,"IT","Manager","Other"
186,"Operations","Salaried","Female"
187,"Marketing","Manager","Female"
188,"Marketing","Salaried","Male"
189,"Finance","Manager","Female"
190,"IT","Manager","Female"
191,"IT","Hourly","Female"
192,"Operations","Salaried","Female"
193,"Operations","Manager","Male"
194,"Engineering","Hourly","Other"
195,"Sales","Salaried","Female"
196,"Marketing","Hourly","Other"
197,"Finance","Hourly","Female"
198,"Engineering","Manager","Other"
199,"Operations","Manager","Other"
200,"Sales","Hourly","Female"
201,"Finance","Hourly","Male"
202,"Finance","Hourly","Other"
203,"Sales","Hourly","Other"
204,"IT","Hourly","Male"
205,"Sales","Salaried","Male"
206,"IT","Manager","Other"
207,"Sales","Manager","Other"
208,"IT","Salaried","Male"
209,"Marketing","Hourly","Male"
210,"Sales","Manager","Male"
211,"Operations","Salaried","Other"
212,"Engineering","Manager","Male"
213,"IT","Salaried","Male"
214,"Finance","Salaried","Female"
215,"Marketing","Manager","Female"
216,"IT","Hourly","Male"
217,"Engineering","Manager","Male"
218,"Finance","Hourly","Male"
219,"Operations","Salaried","Female"
220,"Engineering","Manager","Other"
221,"Finance","Manager","Male"
222,"Finance","Hourly","Female"
223,"Finance","Hourly","Male"
224,"Engineering","Salaried","Other"
225,"Finance","Hourly","Female"
226,"Finance","Salaried","Other"
227,"Operations","Salaried","Other"
228,"Engineering","Hourly","Male"
229,"Engineering","Hourly","Other"
230,"Finance","Hourly","Other"
231,"Marketing","Manager","Other"
232,"Sales","Salaried","Other"
233,"Finance","Salaried","Male"
234,"Engineering","Manager","Male"
235,"Engineering","Hourly","Other"
236,"Engineering","Manager","Male"
237,"Marketing","Manager","Other"
238,"Engineering","Hourly","Male"
239,"Operations","Hourly","Male"
240,"Finance","Salaried","Female"
241,"Operations","Salaried","Female"
242,"Operations","Hourly","Male"
243,"Operations","Hourly","Other"
244,"Operations","Salaried","Other"
245,"Engineering","Hourly","Male"
246,"Marketing","Salaried","Female"
247,"Sales","Hourly","Female"
248,"Engineering","Salaried","Female"
249,"Sales","Salaried","Male"
250,"Marketing","Manager","Female"
251,"Engineering","Manager","Male"
252,"Sales","Hourly","Male"
253,"Marketing","Salaried","Male"
254,"Sales","Manager","Female"
255,"IT","Salaried","Female"
256,"Marketing","Manager","Female"
257,"Operations","Hourly","Male"
258,"Finance","Salaried","Female"
259,"IT","Hourly","Female"
260,"Engineering","Salaried","Other"
261,"Operations","Hourly","Other"
262,"Sales","Manager","Other"
263,"Marketing","Manager","Male"
264,"Marketing","Hourly","Other"
265,"IT","Manager","Female"
266,"Sales","Manager","Male"
267,"Operations","Hourly","Other"
268,"Sales","Hourly","Other"
269,"Engineering","Salaried","Male"
270,"Finance","Manager","Male"
271,"Finance","Hourly","Female"
272,"IT","Hourly","Male"
273,"Engineering","Manager","Other"
274,"Marketing","Salaried","Male"
275,"IT","Salaried","Female"
276,"Finance","Salaried","Other"
277,"Engineering","Salaried","Male"
278,"Marketing","Hourly","Female"
279,"IT","Manager","Other"
280,"Marketing","Salaried","Male"
281,"Marketing","Hourly","Female"
282,"IT","Manager","Male"
283,"Marketing","Hourly","Male"
284,"Engineering","Hourly","Other"
285,"Engineering","Hourly","Female"
286,"Finance","Hourly","Female"
287,"Engineering","Hourly","Male"
288,"Marketing","Manager","Female"
289,"Operations","Salaried","Male"
290,"Marketing","Manager","Female"
291,"Engineering","Manager","Male"
292,"Finance","Salaried","Male"
293,"Marketing","Salaried","Male"
294,"IT","Hourly","Other"
295,"Sales","Manager","Female"
296,"Sales","Hourly","Other"
297,"IT","Hourly","Male"
298,"Marketing","Hourly","Female"
299,"Operations","Salaried","Female"
300,"IT","Manager","Other"
301,"IT","Hourly","Other"
302,"Marketing","Manager","Other"
303,"Sales","Manager","Other"
304,"IT","Hourly","Female"
305,"Engineering","Hourly","Other"
306,"Sales","Hourly","Other"
307,"Engineering","Manager","Female"
308,"Operations","Manager","Male"
309,"Sales","Hourly","Other"
310,"Marketing","Hourly","Female"
311,"Sales","Hourly","Male"
312,"IT","Salaried","Other"
313,"IT","Hourly","Other"
314,"Operations","Manager","Female"
315,"IT","Manager","Male"
316,"Engineering","Manager","Male"
317,"Sales","Hourly","Other"
318,"Marketing","Hourly","Female"
319,"Engineering","Salaried","Female"
320,"Marketing","Salaried","Male"
321,"Engineering","Salaried","Other"
322,"Engineering","Hourly","Male"
323,"Sales","Salaried","Male"
324,"Marketing","Salaried","Other"
325,"Engineering","Salaried","Male"
326,"IT","Manager","Other"
327,"Sales","Manager","Male"
328,"Marketing","Salaried","Other"
329,"Marketing","Hourly","Female"
330,"Operations","Hourly","Other"
331,"Finance","Hourly","Male"
332,"IT","Salaried","Other"
333,"Engineering","Salaried","Female"
334,"Finance","Manager","Male"
335,"Sales","Hourly","Male"
336,"Operations","Salaried","Male"
337,"Engineering","Manager","Male"
338,"IT","Salaried","Female"
339,"IT","Salaried","Male"
340,"Engineering","Salaried","Other"
341,"Finance","Manager","Male"
342,"Engineering","Salaried","Male"
343,"Operations","Manager","Male"
344,"Operations","Hourly","Other"
345,"Marketing","Hourly","Female"
346,"Sales","Hourly","Other"
347,"Engineering","Salaried","Other"
348,"Finance","Salaried","Male"
349,"Finance","Salaried","Other"
350,"Finance","Manager","Female"
351,"Engineering","Hourly","Male"
352,"IT","Salaried","Male"
353,"Operations","Salaried","Male"
354,"Sales","Salaried","Female"
355,"Marketing","Hourly","Male"
356,"Marketing","Salaried","Other"
357,"Finance","Salaried","Male"
358,"Engineering","Hourly","Female"
359,"Finance","Manager","Female"
360,"Finance","Salaried","Other"
361,"IT","Hourly","Female"
362,"Engineering","Salaried","Male"
363,"Marketing","Salaried","Male"
364,"Marketing","Manager","Male"
365,"Operations","Salaried","Male"
366,"IT","Hourly","Other"
367,"Marketing","Manager","Female"
368,"Sales","Salaried","Other"
369,"Sales","Hourly","Other"
370,"Marketing","Hourly","Male"
371,"Finance","Hourly","Male"
372,"Engineering","Hourly","Male"
373,"Engineering","Manager","Female"
374,"Sales","Hourly","Other"
375,"IT","Manager","Female"
376,"Finance","Salaried","Male"
377,"Finance","Manager","Other"
378,"Engineering","Salaried","Female"
379,"Marketing","Hourly","Male"
380,"Marketing","Manager","Other"
381,"IT","Manager","Female"
382,"Engineering","Hourly","Other"
383,"Finance","Hourly","Female"
384,"IT","Salaried","Female"
385,"Engineering","Salaried","Female"
386,"Engineering","Hourly","Male"
387,"Operations","Hourly","Female"
388,"Engineering","Manager","Female"
389,"Sales","Hourly","Female"
390,"Finance","Hourly","Male"
391,"IT","Salaried","Other"
392,"Sales","Hourly","Female"
393,"Marketing","Hourly","Female"
394,"Sales","Hourly","Male"
395,"IT","Hourly","Male"
396,"Marketing","Salaried","Male"
397,"Sales","Hourly","Other"
398,"Marketing","Manager","Other"
399,"Sales","Manager","Male"
400,"Engineering","Salaried","Male"
401,"Sales","Salaried","Male"
402,"Sales","Salaried","Female"
403,"Marketing","Hourly","Female"
404,"Operations","Manager","Female"
405,"Operations","Hourly","Other"
406,"Finance","Hourly","Female"
407,"IT","Hourly","Other"
408,"IT","Salaried","Female"
409,"Marketing","Hourly","Male"
410,"Finance","Hourly","Other"
411,"IT","Hourly","Female"
412,"Operations","Hourly","Other"
413,"Marketing","Manager","Male"
414,"Engineering","Salaried","Female"
415,"Marketing","Manager","Other"
416,"Sales","Hourly","Other"
417,"Finance","Salaried","Other"
418,"Engineering","Manager","Other"
419,"Sales","Salaried","Other"
420,"Operations","Salaried","Other"
421,"Operations","Salaried","Other"
422,"Engineering","Manager","Other"
423,"Marketing","Manager","Other"
424,"Engineering","Hourly","Other"
425,"IT","Salaried","Other"
426,"Operations","Manager","Male"
427,"Engineering","Manager","Female"
428,"IT","Manager","Other"
429,"Sales","Hourly","Female"
430,"Engineering","Salaried","Other"
431,"Engineering","Salaried","Male"
432,"IT","Manager","Female"
433,"Operations","Manager","Male"
434,"Engineering","Salaried","Female"
435,"Engineering","Manager","Other"
436,"Operations","Manager","Female"
437,"Sales","Manager","Other"
438,"Finance","Hourly","Other"
439,"Finance","Salaried","Female"
440,"Engineering","Salaried","Female"
441,"Finance","Manager","Female"
442,"IT","Manager","Other"
443,"Engineering","Salaried","Other"
444,"Operations","Salaried","Other"
445,"Operations","Manager","Other"
446,"IT","Salaried","Other"
447,"Marketing","Hourly","Other"
448,"IT","Hourly","Other"
449,"Sales","Salaried","Female"
450,"Engineering","Manager","Female"
451,"IT","Manager","Female"
452,"Sales","Hourly","Male"
453,"Operations","Salaried","Male"
454,"Sales","Salaried","Female"
455,"Finance","Hourly","Female"
456,"Finance","Hourly","Male"
457,"IT","Salaried","Other"
458,"IT","Salaried","Male"
459,"Marketing","Salaried","Female"
460,"Marketing","Salaried","Male"
461,"Operations","Salaried","Male"
462,"Operations","Manager","Male"
463,"Marketing","Hourly","Female"
464,"Operations","Salaried","Female"
465,"Engineering","Hourly","Other"
466,"Finance","Manager","Male"
467,"IT","Hourly","Other"
468,"Marketing","Hourly","Female"
469,"IT","Manager","Other"
470,"IT","Manager","Other"
471,"Finance","Hourly","Male"
472,"Finance","Salaried","Other"
473,"Engineering","Salaried","Female"
474,"Marketing","Manager","Other"
475,"Operations","Salaried","Other"
476,"Engineering","Salaried","Other"
477,"Engineering","Hourly","Female"
478,"Sales","Salaried","Male"
479,"Sales","Salaried","Other"
480,"Engineering","Hourly","Male"
481,"Operations","Manager","Male"
482,"IT","Manager","Male"
483,"Marketing","Salaried","Other"
484,"Finance","Hourly","Other"
485,"IT","Salaried","Male"
486,"Sales","Hourly","Male"
487,"Engineering","Salaried","Female"
488,"Marketing","Manager","Male"
489,"Finance","Manager","Other"
490,"Sales","Hourly","Female"
491,"Operations","Manager","Female"
492,"Finance","Manager","Other"
493,"IT","Hourly","Female"
494,"Operations","Salaried","Male"
495,"IT","Salaried","Female"
496,"Operations","Salaried","Female"
497,"Marketing","Manager","Male"
498,"Sales","Salaried","Other"
499,"Engineering","Salaried","Female"
500,"Operations","Manager","Male"
501,"IT","Hourly","Female"
502,"Marketing","Hourly","Female"
503,"Marketing","Manager","Female"
504,"IT","Manager","Male"
505,"Marketing","Salaried","Male"
506,"Engineering","Manager","Female"
507,"Marketing","Salaried","Other"
508,"Engineering","Hourly","Male"
509,"Finance","Hourly","Female"
510,"Sales","Hourly","Male"
511,"IT","Salaried","Female"
512,"IT","Manager","Female"
513,"Marketing","Hourly","Female"
514,"Engineering","Hourly","Female"
515,"Engineering","Salaried","Female"
516,"Sales","Manager","Female"
517,"Engineering","Hourly","Other"
518,"IT","Hourly","Male"
519,"Operations","Manager","Male"
520,"Engineering","Hourly","Male"
521,"Finance","Salaried","Female"
522,"Sales","Salaried","Other"
523,"IT","Salaried","Other"
524,"Operations","Hourly","Female"
525,"IT","Manager","Other"
526,"Sales","Hourly","Other"
527,"Finance","Manager","Female"
528,"Engineering","Hourly","Other"
529,"Marketing","Hourly","Female"
530,"Engineering","Hourly","Other"
531,"Engineering","Salaried","Male"
532,"Marketing","Hourly","Male"
533,"Finance","Manager","Other"
534,"Operations","Salaried","Male"
535,"IT","Manager","Other"
536,"Finance","Salaried","Other"
537,"Finance","Manager","Female"
538,"Engineering","Salaried","Male"
539,"Marketing","Salaried","Female"
540,"IT","Hourly","Female"
541,"Sales","Salaried","Male"
542,"Engineering","Manager","Male"
543,"IT","Salaried","Female"
544,"Engineering","Salaried","Other"
545,"IT","Salaried","Male"
546,"IT","Salaried","Female"
547,"IT","Hourly","Other"
548,"IT","Salaried","Female"
549,"Engineering","Salaried","Female"
550,"Operations","Salaried","Female"
551,"Finance","Manager","Other"
552,"Operations","Hourly","Female"
553,"Engineering","Hourly","Female"
554,"IT","Hourly","Female"
555,"Marketing","Hourly","Female"
556,"Operations","Hourly","Male"
557,"Operations","Hourly","Female"
558,"Operations","Manager","Female"
559,"Finance","Salaried","Female"
560,"Marketing","Salaried","Female"
561,"IT","Hourly","Female"
562,"Marketing","Manager","Female"
563,"Operations","Hourly","Other"
564,"Marketing","Salaried","Male"
565,"Operations","Hourly","Other"
566,"Operations","Salaried","Male"
567,"IT","Hourly","Other"
568,"Finance","Manager","Female"
569,"Finance","Hourly","Female"
570,"IT","Manager","Male"
571,"Engineering","Manager","Other"
572,"Sales","Manager","Female"
573,"Operations","Manager","Female"
574,"Engineering","Salaried","Female"
575,"IT","Manager","Other"
576,"Sales","Salaried","Female"
577,"Operations","Hourly","Male"
578,"Engineering","Hourly","Other"
579,"Sales","Manager","Female"
580,"Sales","Manager","Male"
581,"Sales","Salaried","Male"
582,"Engineering","Hourly","Other"
583,"Operations","Hourly","Male"
584,"Marketing","Salaried","Female"
585,"IT","Hourly","Female"
586,"IT","Salaried","Male"
587,"IT","Hourly","Female"
588,"Finance","Salaried","Female"
589,"Marketing","Salaried","Female"
590,"Operations","Manager","Other"
591,"Marketing","Hourly","Female"
592,"Marketing","Manager","Female"
593,"Engineering","Hourly","Male"
594,"IT","Manager","Female"
595,"IT","Manager","Female"
596,"Finance","Hourly","Female"
597,"Engineering","Salaried","Other"
598,"Operations","Salaried","Male"
599,"Engineering","Salaried","Other"
600,"IT","Manager","Female"
601,"Sales","Manager","Other"
602,"Finance","Salaried","Male"
603,"Engineering","Hourly","Male"
604,"IT","Salaried","Other"
605,"Sales","Manager","Male"
606,"Engineering","Salaried","Male"
607,"IT","Manager","Female"
608,"Sales","Manager","Other"
609,"Operations","Salaried","Female"
610,"IT","Hourly","Other"
611,"Sales","Manager","Male"
612,"Engineering","Hourly","Female"
613,"Operations","Hourly","Female"
614,"Marketing","Manager","Female"
615,"Engineering","Hourly","Other"
616,"Sales","Hourly","Other"
617,"Marketing","Hourly","Male"
618,"Engineering","Salaried","Male"
619,"Sales","Manager","Other"
620,"Engineering","Hourly","Female"
621,"IT","Salaried","Other"
622,"IT","Salaried","Female"
623,"Engineering","Manager","Male"
624,"IT","Hourly","Female"
625,"Marketing","Salaried","Female"
626,"IT","Hourly","Female"
627,"Marketing","Salaried","Other"
628,"Operations","Hourly","Male"
629,"Operations","Salaried","Female"
630,"Engineering","Hourly","Male"
631,"Operations","Manager","Other"
632,"IT","Salaried","Other"
633,"Engineering","Salaried","Female"
634,"Operations","Hourly","Other"
635,"Operations","Salaried","Male"
636,"Marketing","Hourly","Female"
637,"Finance","Salaried","Female"
638,"Operations","Hourly","Other"
639,"Marketing","Hourly","Female"
640,"IT","Manager","Other"
641,"Sales","Salaried","Male"
642,"Engineering","Manager","Other"
643,"Engineering","Manager","Other"
644,"Sales","Salaried","Female"
645,"Finance","Salaried","Male"
646,"Sales","Manager","Other"
647,"Marketing","Salaried","Female"
648,"IT","Hourly","Male"
649,"Engineering","Salaried","Male"
650,"Sales","Hourly","Female"
651,"Engineering","Manager","Female"
652,"Finance","Salaried","Other"
653,"Sales","Manager","Female"
654,"Operations","Hourly","Other"
655,"IT","Hourly","Female"
656,"IT","Hourly","Other"
657,"Finance","Salaried","Female"
658,"Finance","Manager","Male"
659,"Marketing","Hourly","Other"
660,"IT","Hourly","Male"
661,"Marketing","Hourly","Female"
662,"Sales","Hourly","Female"
663,"Finance","Salaried","Male"
664,"Marketing","Hourly","Female"
665,"Sales","Manager","Male"
666,"Engineering","Salaried","Other"
667,"Finance","Salaried","Male"
668,"Finance","Manager","Male"
669,"Operations","Salaried","Other"
670,"Marketing","Hourly","Other"
671,"Finance","Hourly","Female"
672,"Engineering","Hourly","Female"
673,"Engineering","Hourly","Other"
674,"Finance","Hourly","Other"
675,"Operations","Manager","Female"
676,"Marketing","Manager","Other"
677,"Engineering","Manager","Male"
678,"Finance","Manager","Male"
679,"Sales","Manager","Male"
680,"Engineering","Hourly","Male"
681,"Sales","Hourly","Female"
682,"Marketing","Hourly","Female"
683,"Finance","Salaried","Male"
684,"Sales","Salaried","Female"
685,"Finance","Manager","Male"
686,"Operations","Salaried","Other"
687,"Marketing","Hourly","Male"
688,"Operations","Hourly","Female"
689,"Marketing","Hourly","Other"
690,"Operations","Hourly","Male"
691,"IT","Manager","Other"
692,"Finance","Salaried","Female"
693,"Engineering","Salaried","Male"
694,"Engineering","Hourly","Other"
695,"Operations","Manager","Female"
696,"Sales","Salaried","Other"
697,"IT","Manager","Male"
698,"Operations","Hourly","Other"
699,"Sales","Hourly","Female"
700,"Marketing","Manager","Other"
701,"Operations","Hourly","Female"
702,"Sales","Hourly","Other"
703,"Marketing","Hourly","Male"
704,"Marketing","Manager","Other"
705,"Engineering","Hourly","Female"
706,"Marketing","Salaried","Female"
707,"Operations","Salaried","Other"
708,"Engineering","Hourly","Female"
709,"Marketing","Salaried","Other"
710,"Finance","Salaried","Female"
711,"Engineering","Manager","Male"
712,"Finance","Manager","Other"
713,"Marketing","Salaried","Female"
714,"Marketing","Hourly","Male"
715,"IT","Hourly","Other"
716,"Marketing","Hourly","Other"
717,"IT","Salaried","Male"
718,"IT","Salaried","Male"
719,"Sales","Salaried","Female"
720,"Marketing","Hourly","Other"
721,"Finance","Hourly","Female"
722,"Sales","Hourly","Other"
723,"Sales","Manager","Female"
724,"Engineering","Salaried","Other"
725,"Operations","Hourly","Female"
726,"Finance","Hourly","Female"
727,"Operations","Hourly","Female"
728,"Engineering","Salaried","Female"
729,"IT","Salaried","Female"
730,"Operations","Manager","Female"
731,"Operations","Hourly","Male"
732,"Finance","Salaried","Male"
733,"Marketing","Hourly","Female"
734,"Sales","Hourly","Female"
735,"IT","Salaried","Male"
736,"Sales","Manager","Other"
737,"IT","Salaried","Other"
738,"Finance","Salaried","Male"
739,"Marketing","Salaried","Other"
740,"Finance","Hourly","Female"
741,"Marketing","Salaried","Male"
742,"Finance","Hourly","Other"
743,"Engineering","Salaried","Male"
744,"Finance","Manager","Female"
745,"Finance","Hourly","Male"
746,"Operations","Salaried","Female"
747,"Engineering","Manager","Other"
748,"IT","Salaried","Other"
749,"Engineering","Hourly","Male"
750,"Engineering","Manager","Female"
751,"Finance","Salaried","Male"
752,"Marketing","Manager","Female"
753,"Engineering","Salaried","Female"
754,"Marketing","Hourly","Other"
755,"Operations","Hourly","Male"
756,"Engineering","Salaried","Male"
757,"Sales","Salaried","Other"
758,"Sales","Salaried","Female"
759,"Finance","Manager","Female"
760,"Sales","Manager","Other"
761,"Marketing","Hourly","Other"
762,"IT","Manager","Male"
763,"IT","Salaried","Male"
764,"Finance","Manager","Other"
765,"Engineering","Hourly","Other"
766,"Finance","Salaried","Female"
767,"Finance","Hourly","Male"
768,"IT","Salaried","Male"
769,"IT","Salaried","Other"
770,"Marketing","Hourly","Male"
771,"Finance","Manager","Male"
772,"IT","Manager","Female"
773,"Sales","Hourly","Male"
774,"IT","Manager","Other"
775,"Operations","Hourly","Male"
776,"Marketing","Hourly","Female"
777,"Marketing","Hourly","Female"
778,"IT","Manager","Female"
779,"Sales","Hourly","Female"
780,"Engineering","Salaried","Female"
781,"Marketing","Salaried","Other"
782,"Marketing","Manager","Female"
783,"Engineering","Hourly","Other"
784,"Finance","Manager","Female"
785,"Marketing","Salaried","Female"
786,"Finance","Hourly","Male"
787,"Finance","Hourly","Male"
788,"Marketing","Manager","Other"
789,"Marketing","Hourly","Female"
790,"Sales","Hourly","Other"
791,"Engineering","Salaried","Other"
792,"Engineering","Manager","Male"
793,"Engineering","Manager","Other"
794,"Marketing","Manager","Other"
795,"Operations","Salaried","Male"
796,"Operations","Manager","Female"
797,"Marketing","Manager","Male"
798,"Finance","Manager","Other"
799,"IT","Manager","Male"
800,"IT","Salaried","Male"
801,"Engineering","Hourly","Male"
802,"IT","Salaried","Male"
803,"Marketing","Hourly","Male"
804,"Marketing","Salaried","Other"
805,"Operations","Salaried","Female"
806,"Sales","Hourly","Other"
807,"Engineering","Salaried","Female"
808,"Engineering","Manager","Female"
809,"IT","Manager","Other"
810,"Finance","Manager","Other"
811,"Operations","Hourly","Other"
812,"Finance","Manager","Male"
813,"Operations","Manager","Female"
814,"IT","Manager","Other"
815,"Finance","Manager","Female"
816,"Sales","Salaried","Female"
817,"Finance","Salaried","Female"
818,"Operations","Salaried","Other"
819,"Finance","Salaried","Female"
820,"Operations","Hourly","Female"
821,"Sales","Hourly","Other"
822,"Operations","Manager","Female"
823,"Sales","Hourly","Female"
824,"Marketing","Hourly","Male"
825,"IT","Salaried","Male"
826,"Marketing","Manager","Male"
827,"Marketing","Hourly","Male"
828,"Engineering","Hourly","Female"
829,"Marketing","Salaried","Female"
830,"IT","Hourly","Male"
831,"Finance","Salaried","Female"
832,"Finance","Manager","Female"
833,"Engineering","Manager","Male"
834,"Operations","Manager","Female"
835,"Engineering","Salaried","Female"
836,"IT","Salaried","Other"
837,"Engineering","Salaried","Female"
838,"IT","Hourly","Male"
839,"IT","Salaried","Other"
840,"Sales","Hourly","Male"
841,"Marketing","Hourly","Male"
842,"Engineering","Salaried","Male"
843,"Operations","Hourly","Other"
844,"Operations","Salaried","Other"
845,"Finance","Hourly","Female"
846,"Sales","Salaried","Female"
847,"Engineering","Hourly","Other"
848,"Operations","Manager","Male"
849,"IT","Salaried","Other"
850,"IT","Hourly","Other"
851,"Operations","Salaried","Male"
852,"Marketing","Manager","Female"
853,"Sales","Manager","Other"
854,"Marketing","Hourly","Other"
855,"Engineering","Salaried","Male"
856,"Sales","Hourly","Other"
857,"Finance","Salaried","Female"
858,"IT","Hourly","Female"
859,"Marketing","Hourly","Female"
860,"Engineering","Manager","Male"
861,"Sales","Hourly","Other"
862,"Engineering","Manager","Other"
863,"Operations","Hourly","Female"
864,"Operations","Salaried","Male"
865,"Engineering","Salaried","Male"
866,"Operations","Manager","Female"
867,"Sales","Hourly","Other"
868,"Operations","Salaried","Other"
869,"Marketing","Hourly","Male"
870,"Marketing","Hourly","Other"
871,"Sales","Manager","Male"
872,"Marketing","Manager","Male"
873,"Engineering","Manager","Female"
874,"Sales","Manager","Other"
875,"Marketing","Manager","Female"
876,"IT","Hourly","Female"
877,"Finance","Hourly","Female"
878,"Marketing","Manager","Male"
879,"Sales","Manager","Male"
880,"Marketing","Hourly","Male"
881,"Finance","Manager","Male"
882,"IT","Hourly","Female"
883,"Operations","Salaried","Male"
884,"Finance","Salaried","Other"
885,"Operations","Hourly","Other"
886,"Marketing","Manager","Male"
887,"Finance","Hourly","Other"
888,"Engineering","Manager","Other"
889,"Sales","Hourly","Male"
890,"Engineering","Salaried","Other"
891,"Engineering","Salaried","Female"
892,"Sales","Salaried","Other"
893,"IT","Hourly","Female"
894,"Engineering","Manager","Other"
895,"Finance","Hourly","Male"
896,"Operations","Hourly","Female"
897,"Engineering","Salaried","Female"
898,"Finance","Hourly","Female"
899,"Sales","Manager","Female"
900,"IT","Hourly","Other"
901,"Operations","Manager","Female"
902,"Finance","Manager","Other"
903,"Finance","Hourly","Other"
904,"Sales","Salaried","Male"
905,"Marketing","Hourly","Male"
906,"IT","Hourly","Male"
907,"Operations","Hourly","Other"
908,"Engineering","Salaried","Male"
909,"Operations","Manager","Other"
910,"IT","Salaried","Other"
911,"Operations","Hourly","Male"
912,"Finance","Salaried","Male"
913,"Engineering","Hourly","Female"
914,"Operations","Hourly","Female"
915,"Sales","Manager","Other"
916,"Finance","Hourly","Male"
917,"Marketing","Manager","Other"
918,"Operations","Salaried","Male"
919,"Engineering","Hourly","Female"
920,"Operations","Salaried","Female"
921,"Engineering","Manager","Male"
922,"Engineering","Hourly","Other"
923,"Sales","Hourly","Other"
924,"Sales","Manager","Other"
925,"Finance","Salaried","Female"
926,"Engineering","Hourly","Female"
927,"Sales","Manager","Female"
928,"Finance","Manager","Male"
929,"Sales","Hourly","Female"
930,"Operations","Hourly","Other"
931,"Operations","Manager","Female"
932,"Operations","Manager","Other"
933,"Finance","Salaried","Female"
934,"Operations","Salaried","Male"
935,"Finance","Hourly","Male"
936,"Operations","Salaried","Other"
937,"Sales","Salaried","Female"
938,"Marketing","Hourly","Other"
939,"Sales","Salaried","Other"
940,"IT","Hourly","Female"
941,"Engineering","Manager","Other"
942,"Engineering","Hourly","Other"
943,"IT","Manager","Other"
944,"Operations","Hourly","Male"
945,"IT","Manager","Male"
946,"Operations","Hourly","Female"
947,"Sales","Salaried","Female"
948,"Sales","Hourly","Female"
949,"IT","Manager","Other"
950,"Marketing","Hourly","Male"
951,"Sales","Manager","Male"
952,"Sales","Salaried","Other"
953,"IT","Manager","Male"
954,"Finance","Salaried","Male"
955,"Finance","Hourly","Female"
956,"Marketing","Manager","Female"
957,"Finance","Hourly","Other"
958,"IT","Salaried","Female"
959,"Marketing","Manager","Female"
960,"IT","Salaried","Female"
961,"Engineering","Hourly","Female"
962,"Finance","Hourly","Female"
963,"Marketing","Salaried","Male"
964,"Finance","Hourly","Female"
965,"Engineering","Salaried","Female"
966,"Sales","Manager","Female"
967,"Marketing","Salaried","Female"
968,"Marketing","Salaried","Other"
969,"Marketing","Manager","Male"
970,"Sales","Hourly","Female"
971,"Finance","Manager","Other"
972,"Marketing","Salaried","Female"
973,"IT","Hourly","Other"
974,"Operations","Manager","Male"
975,"Operations","Salaried","Female"
976,"Operations","Manager","Other"
977,"Finance","Hourly","Female"
978,"Sales","Hourly","Female"
979,"Marketing","Salaried","Male"
980,"Finance","Hourly","Male"
981,"IT","Hourly","Female"
982,"Engineering","Hourly","Other"
983,"Operations","Salaried","Female"
984,"Marketing","Hourly","Female"
985,"Engineering","Manager","Male"
986,"Engineering","Hourly","Other"
987,"Marketing","Salaried","Other"
988,"Marketing","Salaried","Other"
989,"Operations","Salaried","Male"
990,"Operations","Manager","Other"
991,"IT","Manager","Male"
992,"Finance","Hourly","Female"
993,"IT","Manager","Male"
994,"Finance","Salaried","Female"
995,"IT","Manager","Female"
996,"Engineering","Manager","Other"
997,"Marketing","Hourly","Male"
998,"Marketing","Salaried","Male"
999,"Marketing","Manager","Other"
1000,"Engineering","Manager","Other"
1001,"Engineering","Hourly","Other"
1002,"Marketing","Salaried","Female"
1003,"Marketing","Manager","Male"
1004,"Finance","Manager","Female"
1005,"Operations","Manager","Male"
1006,"Engineering","Manager","Male"
1007,"IT","Salaried","Male"
1008,"Sales","Hourly","Other"
1009,"Marketing","Salaried","Female"
1010,"Sales","Salaried","Other"
1011,"Finance","Hourly","Male"
1012,"Finance","Salaried","Other"
1013,"Finance","Hourly","Male"
1014,"Engineering","Salaried","Other"
1015,"Finance","Hourly","Female"
1016,"IT","Salaried","Other"
1017,"Operations","Hourly","Other"
1018,"Finance","Hourly","Female"
1019,"Marketing","Salaried","Male"
1020,"Marketing","Manager","Male"
1021,"Finance","Hourly","Female"
1022,"IT","Hourly","Other"
1023,"Sales","Salaried","Female"
1024,"Sales","Hourly","Female"
1025,"IT","Salaried","Male"
1026,"Engineering","Manager","Other"
1027,"Marketing","Manager","Other"
1028,"Marketing","Salaried","Male"
1029,"Marketing","Hourly","Male"
1030,"Finance","Hourly","Female"
1031,"Finance","Manager","Male"
1032,"Operations","Manager","Other"
1033,"Operations","Salaried","Other"
1034,"Engineering","Salaried","Female"
1035,"Operations","Salaried","Male"
1036,"Engineering","Manager","Male"
1037,"Engineering","Salaried","Female"
1038,"IT","Hourly","Female"
1039,"Finance","Salaried","Other"
1040,"Engineering","Manager","Other"
1041,"Finance","Salaried","Other"
1042,"Operations","Salaried","Other"
1043,"Finance","Hourly","Female"
1044,"Marketing","Manager","Other"
1045,"Sales","Manager","Other"
1046,"Marketing","Manager","Male"
1047,"Engineering","Salaried","Other"
1048,"Engineering","Manager","Female"
1049,"Engineering","Manager","Other"
1050,"Marketing","Hourly","Other"
1051,"Marketing","Salaried","Female"
1052,"Marketing","Salaried","Female"
1053,"Marketing","Manager","Male"
1054,"Sales","Hourly","Female"
1055,"Operations","Salaried","Female"
1056,"IT","Manager","Female"
1057,"Sales","Hourly","Male"
1058,"Marketing","Hourly","Female"
1059,"IT","Hourly","Male"
1060,"IT","Manager","Female"
1061,"Sales","Manager","Female"
1062,"Operations","Salaried","Female"
1063,"Finance","Salaried","Other"
1064,"Marketing","Salaried","Other"
1065,"Finance","Salaried","Male"
1066,"Engineering","Hourly","Other"
1067,"Finance","Salaried","Female"
1068,"Marketing","Hourly","Other"
1069,"Marketing","Salaried","Male"
1070,"IT","Hourly","Other"
1071,"Marketing","Manager","Other"
1072,"Finance","Manager","Other"
1073,"Engineering","Manager","Male"
1074,"Marketing","Salaried","Other"
1075,"Engineering","Hourly","Male"
1076,"Sales","Manager","Male"
1077,"Finance","Manager","Male"
1078,"IT","Manager","Other"
1079,"Marketing","Hourly","Other"
1080,"Engineering","Hourly","Male"
1081,"Engineering","Manager","Male"
1082,"Marketing","Salaried","Other"
1083,"Sales","Salaried","Female"
1084,"Engineering","Salaried","Female"
1085,"Marketing","Salaried","Male"
1086,"IT","Manager","Other"
1087,"IT","Hourly","Male"
1088,"Finance","Salaried","Male"
1089,"IT","Manager","Other"
1090,"Engineering","Manager","Male"
1091,"Engineering","Hourly","Other"
1092,"Sales","Manager","Male"
1093,"Sales","Salaried","Female"
1094,"Operations","Salaried","Female"
1095,"IT","Hourly","Female"
1096,"Marketing","Salaried","Other"
1097,"Finance","Hourly","Other"
1098,"IT","Salaried","Male"
1099,"Operations","Salaried","Other"
1100,"Operations","Hourly","Female"
1101,"Engineering","Salaried","Female"
1102,"Operations","Salaried","Other"
1103,"IT","Manager","Male"
1104,"IT","Salaried","Other"
1105,"Operations","Hourly","Male"
1106,"Sales","Salaried","Male"
1107,"IT","Salaried","Male"
1108,"IT","Manager","Male"
1109,"Operations","Manager","Female"
1110,"Finance","Salaried","Female"
1111,"Marketing","Salaried","Male"
1112,"IT","Manager","Female"
1113,"Finance","Manager","Male"
1114,"Operations","Manager","Other"
1115,"Finance","Hourly","Female"
1116,"Sales","Hourly","Male"
1117,"Marketing","Salaried","Female"
1118,"Operations","Hourly","Male"
1119,"Marketing","Manager","Female"
1120,"Marketing","Salaried","Other"
1121,"IT","Hourly","Female"
1122,"Sales","Salaried","Other"
1123,"Marketing","Hourly","Male"
1124,"Engineering","Salaried","Female"
1125,"IT","Salaried","Female"
1126,"IT","Hourly","Male"
1127,"Marketing","Manager","Male"
1128,"Engineering","Salaried","Female"
1129,"Finance","Manager","Female"
1130,"Operations","Hourly","Male"
1131,"Operations","Salaried","Female"
1132,"Finance","Manager","Female"
1133,"Engineering","Salaried","Other"
1134,"Engineering","Salaried","Male"
1135,"IT","Manager","Other"
1136,"Marketing","Hourly","Female"
1137,"Finance","Hourly","Female"
1138,"Sales","Manager","Male"
1139,"Engineering","Hourly","Male"
1140,"Marketing","Salaried","Female"
1141,"Engineering","Manager","Female"
1142,"Sales","Manager","Other"
1143,"Engineering","Salaried","Female"
1144,"Marketing","Manager","Male"
1145,"Engineering","Hourly","Female"
1146,"Engineering","Hourly","Male"
1147,"IT","Manager","Female"
1148,"Engineering","Salaried","Male"
1149,"IT","Hourly","Female"
1150,"Sales","Manager","Male"
1151,"Engineering","Salaried","Other"
1152,"Sales","Salaried","Other"
1153,"Engineering","Hourly","Other"
1154,"Sales","Salaried","Male"
1155,"Finance","Hourly","Other"
1156,"Engineering","Salaried","Female"
1157,"Marketing","Salaried","Male"
1158,"Finance","Salaried","Other"
1159,"Sales","Manager","Female"
1160,"Operations","Salaried","Female"
1161,"Sales","Salaried","Other"
1162,"Sales","Salaried","Other"
1163,"Marketing","Salaried","Female"
1164,"Engineering","Hourly","Other"
1165,"Operations","Salaried","Female"
1166,"Operations","Salaried","Other"
1167,"Sales","Manager","Male"
1168,"Operations","Manager","Other"
1169,"Engineering","Hourly","Male"
1170,"Operations","Salaried","Other"
1171,"Finance","Hourly","Male"
1172,"Marketing","Manager","Male"
1173,"Operations","Hourly","Female"
1174,"Marketing","Hourly","Male"
1175,"Marketing","Salaried","Male"
1176,"Operations","Salaried","Male"
1177,"Marketing","Hourly","Other"
1178,"Operations","Hourly","Other"
1179,"Engineering","Manager","Female"
1180,"Operations","Manager","Female"
1181,"IT","Salaried","Female"
1182,"Operations","Salaried","Male"
1183,"Operations","Hourly","Female"
1184,"IT","Salaried","Male"
1185,"Marketing","Hourly","Other"
1186,"Finance","Manager","Female"
1187,"Engineering","Manager","Female"
1188,"Sales","Salaried","Male"
1189,"Sales","Manager","Other"
1190,"Engineering","Salaried","Male"
1191,"Marketing","Hourly","Other"
1192,"Finance","Hourly","Male"
1193,"Engineering","Salaried","Female"
1194,"Sales","Manager","Other"
1195,"Engineering","Hourly","Female"
1196,"Operations","Salaried","Female"
1197,"Engineering","Manager","Female"
1198,"IT","Salaried","Female"
1199,"Finance","Salaried","Other"
1200,"Operations","Hourly","Male"
1201,"Finance","Hourly","Female"
1202,"Sales","Salaried","Female"
1203,"Finance","Salaried","Other"
1204,"Sales","Manager","Other"
1205,"IT","Hourly","Other"
1206,"Engineering","Manager","Other"
1207,"Marketing","Hourly","Male"
1208,"Finance","Salaried","Female"
1209,"IT","Manager","Male"
1210,"Finance","Hourly","Other"
1211,"Marketing","Manager","Other"
1212,"Finance","Salaried","Other"
1213,"Finance","Manager","Female"
1214,"Sales","Salaried","Female"
1215,"Operations","Manager","Female"
1216,"Finance","Salaried","Female"
1217,"IT","Salaried","Male"
1218,"Finance","Salaried","Male"
1219,"IT","Hourly","Female"
1220,"Operations","Salaried","Female"
1221,"Sales","Salaried","Female"
1222,"Engineering","Hourly","Other"
1223,"Finance","Hourly","Other"
1224,"Engineering","Manager","Male"
1225,"Sales","Hourly","Female"
1226,"Marketing","Hourly","Other"
1227,"Marketing","Manager","Female"
1228,"IT","Manager","Other"
1229,"Engineering","Hourly","Male"
1230,"Engineering","Manager","Other"
1231,"Operations","Hourly","Other"
1232,"Operations","Hourly","Male"
1233,"Finance","Manager","Male"
1234,"Finance","Hourly","Female"
1235,"IT","Hourly","Male"
1236,"IT","Salaried","Other"
1237,"Engineering","Manager","Male"
1238,"Operations","Salaried","Female"
1239,"Marketing","Salaried","Other"
1240,"Engineering","Salaried","Male"
1241,"Finance","Manager","Male"
1242,"IT","Hourly","Male"
1243,"Operations","Manager","Other"
1244,"Sales","Manager","Other"
1245,"Sales","Salaried","Female"
1246,"IT","Manager","Female"
1247,"Operations","Hourly","Other"
1248,"Marketing","Hourly","Other"
1249,"Engineering","Manager","Other"
1250,"Sales","Manager","Female"
1251,"IT","Hourly","Other"
1252,"Operations","Salaried","Other"
1253,"Sales","Manager","Female"
1254,"Operations","Hourly","Female"
1255,"Marketing","Manager","Other"
1256,"Finance","Manager","Male"
1257,"Sales","Salaried","Other"
1258,"IT","Hourly","Male"
1259,"Engineering","Manager","Female"
1260,"Operations","Manager","Male"
1261,"Engineering","Manager","Other"
1262,"Sales","Manager","Female"
1263,"Marketing","Hourly","Female"
1264,"Engineering","Manager","Male"
1265,"Operations","Manager","Female"
1266,"Engineering","Salaried","Other"
1267,"Operations","Salaried","Male"
1268,"Engineering","Manager","Female"
1269,"Sales","Hourly","Female"
1270,"Sales","Hourly","Female"
1271,"Sales","Salaried","Female"
1272,"Sales","Hourly","Other"
1273,"Marketing","Manager","Male"
1274,"IT","Manager","Female"
1275,"IT","Manager","Male"
1276,"Operations","Manager","Male"
1277,"IT","Salaried","Other"
1278,"Marketing","Hourly","Male"
1279,"Engineering","Salaried","Male"
1280,"Marketing","Salaried","Male"
1281,"IT","Salaried","Male"
1282,"IT","Salaried","Female"
1283,"Sales","Salaried","Male"
1284,"Sales","Hourly","Male"
1285,"Finance","Manager","Female"
1286,"Marketing","Hourly","Male"
1287,"Operations","Hourly","Other"
1288,"Marketing","Manager","Female"
1289,"Operations","Hourly","Male"
1290,"Engineering","Salaried","Female"
1291,"IT","Manager","Male"
1292,"Engineering","Salaried","Male"
1293,"Operations","Hourly","Male"
1294,"Operations","Hourly","Other"
1295,"Sales","Manager","Female"
1296,"Engineering","Salaried","Other"
1297,"Marketing","Manager","Male"
1298,"Marketing","Hourly","Female"
1299,"Finance","Salaried","Other"
1300,"Engineering","Salaried","Male"
1301,"IT","Hourly","Other"
1302,"Sales","Salaried","Male"
1303,"Finance","Hourly","Other"
1304,"Operations","Hourly","Female"
1305,"Finance","Hourly","Male"
1306,"Sales","Hourly","Other"
1307,"Sales","Hourly","Female"
1308,"Operations","Manager","Male"
1309,"Finance","Hourly","Other"
1310,"Operations","Hourly","Male"
1311,"Operations","Hourly","Male"
1312,"Sales","Manager","Other"
1313,"Operations","Hourly","Male"
1314,"Operations","Salaried","Male"
1315,"Sales","Hourly","Other"
1316,"Finance","Manager","Other"
1317,"IT","Hourly","Other"
1318,"IT","Manager","Other"
1319,"Operations","Hourly","Other"
1320,"Marketing","Salaried","Male"
1321,"IT","Salaried","Male"
1322,"Finance","Manager","Female"
1323,"Sales","Salaried","Other"
1324,"Operations","Manager","Male"
1325,"Finance","Salaried","Female"
1326,"Operations","Hourly","Other"
1327,"Finance","Manager","Male"
1328,"Sales","Hourly","Female"
1329,"Engineering","Hourly","Female"
1330,"Finance","Salaried","Female"
1331,"Sales","Manager","Other"
1332,"Engineering","Manager","Female"
1333,"IT","Salaried","Female"
1334,"Engineering","Salaried","Other"
1335,"Finance","Hourly","Male"
1336,"Operations","Hourly","Other"
1337,"Operations","Manager","Other"
1338,"Finance","Salaried","Male"
1339,"Operations","Manager","Other"
1340,"Operations","Hourly","Male"
1341,"IT","Manager","Female"
1342,"IT","Manager","Other"
1343,"IT","Hourly","Female"
1344,"Sales","Hourly","Other"
1345,"IT","Hourly","Other"
1346,"Finance","Salaried","Other"
1347,"Operations","Manager","Male"
1348,"Sales","Manager","Male"
1349,"Engineering","Salaried","Female"
1350,"IT","Salaried","Male"
1351,"Engineering","Hourly","Female"
1352,"Sales","Manager","Female"
1353,"IT","Hourly","Male"
1354,"Finance","Manager","Other"
1355,"Sales","Salaried","Other"
1356,"Engineering","Salaried","Male"
1357,"Finance","Manager","Male"
1358,"Engineering","Hourly","Other"
1359,"Finance","Hourly","Male"
1360,"Finance","Manager","Female"
1361,"Marketing","Salaried","Other"
1362,"Sales","Salaried","Male"
1363,"Marketing","Salaried","Female"
1364,"Engineering","Manager","Male"
1365,"Engineering","Salaried","Female"
1366,"IT","Manager","Other"
1367,"Marketing","Manager","Female"
1368,"Operations","Salaried","Other"
1369,"Operations","Manager","Other"
1370,"Operations","Hourly","Other"
1371,"Finance","Manager","Female"
1372,"Operations","Manager","Male"
1373,"Operations","Salaried","Female"
1374,"Marketing","Salaried","Other"
1375,"Sales","Hourly","Male"
1376,"Operations","Salaried","Other"
1377,"Finance","Salaried","Other"
1378,"Finance","Manager","Female"
1379,"Operations","Salaried","Female"
1380,"IT","Salaried","Male"
1381,"Operations","Salaried","Other"
1382,"Engineering","Salaried","Female"
1383,"Marketing","Manager","Female"
1384,"IT","Hourly","Female"
1385,"Operations","Salaried","Other"
1386,"Sales","Salaried","Other"
1387,"Finance","Salaried","Male"
1388,"Finance","Salaried","Other"
1389,"Sales","Salaried","Male"
1390,"Engineering","Salaried","Female"
1391,"Operations","Manager","Male"
1392,"Finance","Hourly","Male"
1393,"Sales","Manager","Male"
1394,"Operations","Manager","Other"
1395,"Sales","Hourly","Female"
1396,"Operations","Manager","Male"
1397,"Sales","Salaried","Other"
1398,"Finance","Hourly","Male"
1399,"Operations","Manager","Female"
1400,"Finance","Salaried","Female"
1401,"Operations","Hourly","Other"
1402,"Sales","Manager","Other"
1403,"Operations","Manager","Male"
1404,"Sales","Salaried","Female"
1405,"Operations","Manager","Other"
1406,"Engineering","Hourly","Male"
1407,"Finance","Hourly","Male"
1408,"Sales","Salaried","Other"
1409,"Marketing","Manager","Male"
1410,"Engineering","Hourly","Male"
1411,"Operations","Manager","Other"
1412,"Finance","Salaried","Male"
1413,"Operations","Salaried","Other"
1414,"IT","Manager","Male"
1415,"IT","Hourly","Other"
1416,"Finance","Manager","Other"
1417,"Operations","Manager","Other"
1418,"Marketing","Salaried","Other"
1419,"Finance","Manager","Other"
1420,"IT","Salaried","Female"
1421,"Marketing","Hourly","Female"
1422,"IT","Manager","Other"
1423,"Sales","Hourly","Male"
1424,"IT","Hourly","Other"
1425,"Sales","Salaried","Female"
1426,"IT","Salaried","Female"
1427,"Sales","Manager","Other"
1428,"Operations","Hourly","Female"
1429,"Finance","Salaried","Other"
1430,"Marketing","Manager","Male"
1431,"Engineering","Hourly","Female"
1432,"Sales","Hourly","Other"
1433,"Operations","Hourly","Male"
1434,"Marketing","Manager","Other"
1435,"IT","Salaried","Other"
1436,"Finance","Salaried","Male"
1437,"Engineering","Manager","Male"
1438,"Sales","Salaried","Male"
1439,"Marketing","Salaried","Female"
1440,"IT","Hourly","Female"
1441,"Engineering","Manager","Male"
1442,"Operations","Manager","Male"
1443,"Marketing","Salaried","Female"
1444,"Finance","Manager","Other"
1445,"Sales","Hourly","Female"
1446,"Marketing","Manager","Male"
1447,"Finance","Hourly","Female"
1448,"Marketing","Salaried","Other"
1449,"Marketing","Manager","Female"
1450,"Finance","Manager","Other"
1451,"Finance","Manager","Female"
1452,"Operations","Salaried","Male"
1453,"Engineering","Manager","Male"
1454,"Finance","Salaried","Other"
1455,"Engineering","Salaried","Other"
1456,"Sales","Manager","Female"
1457,"Engineering","Manager","Male"
1458,"Finance","Manager","Other"
1459,"Finance","Manager","Female"
1460,"Finance","Salaried","Other"
1461,"Engineering","Manager","Male"
1462,"Operations","Salaried","Other"
1463,"Marketing","Salaried","Other"
1464,"Operations","Manager","Female"
1465,"IT","Hourly","Other"
1466,"Sales","Hourly","Other"
1467,"IT","Manager","Male"
1468,"Operations","Hourly","Female"
1469,"IT","Manager","Other"
1470,"Operations","Hourly","Male"
1471,"Engineering","Salaried","Female"
1472,"Marketing","Hourly","Other"
1473,"Engineering","Salaried","Other"
1474,"Finance","Salaried","Other"
1475,"Operations","Hourly","Female"
1476,"Sales","Manager","Female"
1477,"Operations","Salaried","Male"
1478,"Sales","Salaried","Female"
1479,"Marketing","Manager","Male"
1480,"IT","Manager","Female"
1481,"Operations","Salaried","Male"
1482,"Operations","Salaried","Other"
1483,"Sales","Salaried","Other"
1484,"Sales","Hourly","Male"
1485,"IT","Hourly","Male"
1486,"Marketing","Salaried","Other"
1487,"Sales","Salaried","Male"
1488,"IT","Salaried","Female"
1489,"Operations","Manager","Other"
1490,"Sales","Salaried","Female"
1491,"Marketing","Salaried","Other"
1492,"Marketing","Salaried","Other"
1493,"IT","Salaried","Male"
1494,"Operations","Hourly","Female"
1495,"IT","Salaried","Male"
1496,"Finance","Hourly","Female"
1497,"Operations","Manager","Other"
1498,"Engineering","Manager","Female"
1499,"Operations","Hourly","Female"
1500,"Marketing","Salaried","Other"
1501,"IT","Hourly","Other"
1502,"Finance","Manager","Other"
1503,"IT","Manager","Female"
1504,"Finance","Manager","Female"
1505,"Marketing","Hourly","Other"
1506,"Sales","Manager","Male"
1507,"Sales","Hourly","Male"
1508,"Operations","Hourly","Male"
1509,"Finance","Manager","Male"
1510,"Finance","Salaried","Female"
1511,"Finance","Salaried","Male"
1512,"Operations","Salaried","Male"
1513,"Operations","Hourly","Female"
1514,"IT","Manager","Male"
1515,"Sales","Manager","Female"
1516,"Marketing","Hourly","Male"
1517,"Operations","Hourly","Male"
1518,"Engineering","Hourly","Female"
1519,"Engineering","Manager","Male"
1520,"Marketing","Hourly","Male"
1521,"Sales","Manager","Male"
1522,"Finance","Salaried","Other"
1523,"Engineering","Hourly","Other"
1524,"IT","Hourly","Female"
1525,"Sales","Hourly","Male"
1526,"Sales","Manager","Female"
1527,"Sales","Hourly","Other"
1528,"Marketing","Manager","Other"
1529,"Operations","Hourly","Female"
1530,"Engineering","Salaried","Female"
1531,"Engineering","Hourly","Other"
1532,"Sales","Manager","Male"
1533,"Marketing","Manager","Female"
1534,"Engineering","Manager","Female"
1535,"Marketing","Salaried","Male"
1536,"Finance","Manager","Other"
1537,"Operations","Salaried","Female"
1538,"Marketing","Hourly","Female"
1539,"Finance","Salaried","Male"
1540,"Marketing","Manager","Other"
1541,"Operations","Hourly","Other"
1542,"Marketing","Hourly","Female"
1543,"Finance","Manager","Female"
1544,"Engineering","Hourly","Other"
1545,"Engineering","Hourly","Other"
1546,"IT","Salaried","Female"
1547,"Marketing","Hourly","Other"
1548,"Sales","Salaried","Male"
1549,"IT","Salaried","Other"
1550,"Operations","Hourly","Female"
1551,"Engineering","Manager","Female"
1552,"IT","Manager","Other"
1553,"Operations","Hourly","Male"
1554,"Engineering","Salaried","Male"
1555,"Engineering","Manager","Female"
1556,"IT","Hourly","Other"
1557,"Sales","Hourly","Female"
1558,"Engineering","Hourly","Male"
1559,"IT","Hourly","Female"
1560,"Sales","Hourly","Other"
1561,"IT","Manager","Male"
1562,"Marketing","Salaried","Male"
1563,"Sales","Salaried","Female"
1564,"IT","Salaried","Female"
1565,"Sales","Hourly","Male"
1566,"Operations","Manager","Male"
1567,"Engineering","Manager","Male"
1568,"IT","Hourly","Male"
1569,"Sales","Hourly","Male"
1570,"Sales","Salaried","Other"
1571,"Operations","Hourly","Female"
1572,"Finance","Salaried","Other"
1573,"Sales","Hourly","Other"
1574,"Finance","Hourly","Female"
1575,"Marketing","Manager","Male"
1576,"Finance","Salaried","Other"
1577,"Marketing","Hourly","Male"
1578,"Engineering","Salaried","Female"
1579,"Marketing","Manager","Male"
1580,"Marketing","Manager","Other"
1581,"Operations","Hourly","Male"
1582,"Operations","Salaried","Male"
1583,"Sales","Manager","Female"
1584,"Marketing","Manager","Female"
1585,"IT","Manager","Other"
1586,"Sales","Hourly","Male"
1587,"Finance","Manager","Female"
1588,"Engineering","Hourly","Other"
1589,"Marketing","Manager","Male"
1590,"Sales","Hourly","Male"
1591,"Finance","Hourly","Other"
1592,"IT","Salaried","Other"
1593,"Marketing","Hourly","Female"
1594,"Engineering","Manager","Male"
1595,"Sales","Salaried","Male"
1596,"Engineering","Hourly","Female"
1597,"Marketing","Manager","Male"
1598,"Marketing","Salaried","Other"
1599,"IT","Manager","Other"
1600,"Finance","Hourly","Female"
1601,"Operations","Manager","Male"
1602,"Operations","Salaried","Other"
1603,"Finance","Hourly","Female"
1604,"Sales","Salaried","Male"
1605,"Engineering","Salaried","Other"
1606,"Finance","Hourly","Male"
1607,"IT","Hourly","Male"
1608,"Engineering","Salaried","Female"
1609,"Engineering","Salaried","Other"
1610,"Marketing","Manager","Male"
1611,"Engineering","Hourly","Male"
1612,"Operations","Hourly","Male"
1613,"Finance","Manager","Male"
1614,"Finance","Salaried","Male"
1615,"Engineering","Manager","Female"
1616,"Marketing","Salaried","Male"
1617,"Sales","Manager","Other"
1618,"Sales","Salaried","Female"
1619,"IT","Manager","Female"
1620,"Marketing","Hourly","Male"
1621,"IT","Manager","Female"
1622,"Finance","Manager","Male"
1623,"Finance","Manager","Female"
1624,"Operations","Salaried","Female"
1625,"Engineering","Salaried","Other"
1626,"Finance","Manager","Female"
1627,"Finance","Salaried","Male"
1628,"Sales","Hourly","Female"
1629,"Engineering","Salaried","Other"
1630,"Marketing","Hourly","Female"
1631,"Engineering","Manager","Male"
1632,"Operations","Hourly","Other"
1633,"Operations","Manager","Other"
1634,"Marketing","Hourly","Female"
1635,"Finance","Salaried","Female"
1636,"Sales","Salaried","Other"
1637,"Engineering","Salaried","Male"
1638,"Finance","Salaried","Male"
1639,"Finance","Hourly","Male"
1640,"Engineering","Hourly","Other"
1641,"Finance","Salaried","Male"
1642,"Marketing","Hourly","Other"
1643,"Engineering","Hourly","Male"
1644,"Operations","Salaried","Female"
1645,"Finance","Manager","Female"
1646,"Finance","Hourly","Other"
1647,"IT","Manager","Male"
1648,"Sales","Manager","Male"
1649,"Operations","Manager","Female"
1650,"Engineering","Salaried","Other"
1651,"Sales","Salaried","Other"
1652,"Operations","Manager","Female"
1653,"Engineering","Hourly","Female"
1654,"Operations","Salaried","Male"
1655,"Engineering","Manager","Other"
1656,"IT","Salaried","Other"
1657,"Operations","Manager","Female"
1658,"Engineering","Salaried","Other"
1659,"Sales","Manager","Other"
1660,"Marketing","Manager","Female"
1661,"Engineering","Manager","Female"
1662,"Marketing","Manager","Other"
1663,"Marketing","Hourly","Female"
1664,"Marketing","Manager","Other"
1665,"IT","Salaried","Other"
1666,"Engineering","Salaried","Male"
1667,"Marketing","Salaried","Other"
1668,"Operations","Salaried","Male"
1669,"Operations","Manager","Other"
1670,"Operations","Manager","Other"
1671,"Finance","Salaried","Other"
1672,"IT","Hourly","Female"
1673,"Marketing","Hourly","Male"
1674,"Marketing","Manager","Male"
1675,"Sales","Salaried","Female"
1676,"Engineering","Salaried","Other"
1677,"Sales","Manager","Female"
1678,"Marketing","Hourly","Male"
1679,"Marketing","Salaried","Other"
1680,"Engineering","Hourly","Female"
1681,"Engineering","Salaried","Female"
1682,"Operations","Hourly","Other"
1683,"IT","Manager","Male"
1684,"Finance","Salaried","Other"
1685,"Sales","Hourly","Other"
1686,"Sales","Salaried","Female"
1687,"IT","Salaried","Other"
1688,"Engineering","Manager","Male"
1689,"Marketing","Manager","Male"
1690,"Finance","Salaried","Male"
1691,"Operations","Salaried","Male"
1692,"IT","Manager","Male"
1693,"Sales","Salaried","Female"
1694,"Sales","Manager","Female"
1695,"Operations","Salaried","Male"
1696,"Finance","Manager","Other"
1697,"IT","Manager","Male"
1698,"Operations","Manager","Other"
1699,"Operations","Salaried","Other"
1700,"Finance","Manager","Female"
1701,"Operations","Manager","Female"
1702,"Sales","Salaried","Other"
1703,"Finance","Salaried","Female"
1704,"Operations","Hourly","Female"
1705,"Sales","Manager","Male"
1706,"Engineering","Hourly","Male"
1707,"Operations","Manager","Other"
1708,"Marketing","Manager","Other"
1709,"Finance","Salaried","Male"
1710,"IT","Hourly","Other"
1711,"Operations","Hourly","Other"
1712,"Sales","Hourly","Female"
1713,"Marketing","Salaried","Female"
1714,"IT","Hourly","Female"
1715,"Finance","Salaried","Other"
1716,"Marketing","Hourly","Other"
1717,"Marketing","Manager","Other"
1718,"Sales","Salaried","Male"
1719,"Marketing","Salaried","Female"
1720,"Sales","Manager","Male"
1721,"IT","Hourly","Male"
1722,"Finance","Hourly","Male"
1723,"Finance","Manager","Other"
1724,"Operations","Manager","Male"
1725,"Engineering","Manager","Male"
1726,"Engineering","Salaried","Other"
1727,"IT","Manager","Other"
1728,"Engineering","Salaried","Other"
1729,"Operations","Manager","Other"
1730,"IT","Salaried","Male"
1731,"IT","Manager","Male"
1732,"Marketing","Hourly","Male"
1733,"Engineering","Hourly","Male"
1734,"Operations","Hourly","Other"
1735,"Operations","Salaried","Male"
1736,"Operations","Hourly","Female"
1737,"IT","Salaried","Male"
1738,"Operations","Salaried","Male"
1739,"Sales","Salaried","Male"
1740,"Engineering","Manager","Other"
1741,"Sales","Hourly","Male"
1742,"Finance","Manager","Female"
1743,"Marketing","Manager","Other"
1744,"Finance","Hourly","Other"
1745,"Finance","Hourly","Female"
1746,"Sales","Manager","Male"
1747,"Finance","Manager","Male"
1748,"IT","Salaried","Female"
1749,"Operations","Manager","Male"
1750,"Marketing","Hourly","Other"
1751,"Finance","Manager","Female"
1752,"Marketing","Manager","Other"
1753,"Sales","Hourly","Male"
1754,"IT","Hourly","Other"
1755,"Sales","Hourly","Male"
1756,"Marketing","Hourly","Male"
1757,"Sales","Manager","Female"
1758,"Marketing","Salaried","Female"
1759,"Engineering","Salaried","Female"
1760,"Sales","Manager","Other"
1761,"Marketing","Hourly","Male"
1762,"Marketing","Hourly","Female"
1763,"IT","Hourly","Other"
1764,"Marketing","Manager","Other"
1765,"IT","Salaried","Male"
1766,"Operations","Hourly","Male"
1767,"Sales","Hourly","Female"
1768,"Engineering","Salaried","Other"
1769,"Finance","Salaried","Male"
1770,"Operations","Salaried","Other"
1771,"Marketing","Manager","Male"
1772,"Sales","Manager","Male"
1773,"Finance","Hourly","Female"
1774,"Operations","Salaried","Other"
1775,"Operations","Hourly","Other"
1776,"Sales","Salaried","Other"
1777,"Sales","Manager","Other"
1778,"Finance","Salaried","Other"
1779,"Finance","Manager","Male"
1780,"Marketing","Manager","Other"
1781,"Sales","Hourly","Other"
1782,"Engineering","Hourly","Female"
1783,"Engineering","Manager","Other"
1784,"Engineering","Hourly","Male"
1785,"Operations","Salaried","Other"
1786,"Marketing","Hourly","Other"
1787,"Operations","Salaried","Female"
1788,"Operations","Manager","Male"
1789,"Engineering","Manager","Other"
1790,"Sales","Hourly","Female"
1791,"Finance","Hourly","Female"
1792,"Marketing","Salaried","Other"
1793,"IT","Hourly","Female"
1794,"IT","Manager","Other"
1795,"Finance","Manager","Male"
1796,"Engineering","Manager","Other"
1797,"Marketing","Hourly","Other"
1798,"IT","Manager","Female"
1799,"Engineering","Manager","Male"
1800,"Finance","Salaried","Male"
1801,"IT","Salaried","Other"
1802,"Sales","Hourly","Male"
1803,"Sales","Salaried","Male"
1804,"Sales","Manager","Other"
1805,"IT","Salaried","Other"
1806,"Finance","Salaried","Female"
1807,"Marketing","Hourly","Male"
1808,"IT","Hourly","Female"
1809,"Operations","Hourly","Male"
1810,"Finance","Salaried","Male"
1811,"IT","Salaried","Other"
1812,"Finance","Salaried","Female"
1813,"Marketing","Manager","Other"
1814,"Marketing","Manager","Female"
1815,"Operations","Salaried","Female"
1816,"Engineering","Manager","Male"
1817,"Marketing","Manager","Female"
1818,"Finance","Salaried","Other"
1819,"IT","Manager","Female"
1820,"Finance","Salaried","Male"
1821,"IT","Hourly","Female"
1822,"Engineering","Manager","Male"
1823,"Marketing","Hourly","Male"
1824,"Operations","Salaried","Female"
1825,"IT","Salaried","Male"
1826,"Sales","Salaried","Female"
1827,"Finance","Manager","Other"
1828,"Marketing","Salaried","Female"
1829,"Sales","Salaried","Other"
1830,"Operations","Manager","Male"
1831,"Marketing","Hourly","Female"
1832,"Operations","Hourly","Male"
1833,"Sales","Manager","Other"
1834,"Engineering","Manager","Other"
1835,"Marketing","Hourly","Male"
1836,"Operations","Salaried","Male"
1837,"Sales","Salaried","Male"
1838,"Engineering","Salaried","Female"
1839,"IT","Salaried","Other"
1840,"Operations","Hourly","Male"
1841,"Engineering","Hourly","Other"
1842,"Engineering","Salaried","Female"
1843,"Sales","Hourly","Other"
1844,"IT","Salaried","Male"
1845,"Marketing","Manager","Female"
1846,"Marketing","Hourly","Other"
1847,"Marketing","Manager","Other"
1848,"IT","Salaried","Other"
1849,"Marketing","Salaried","Male"
1850,"Operations","Manager","Other"
1851,"Engineering","Manager","Other"
1852,"IT","Salaried","Female"
1853,"IT","Salaried","Female"
1854,"Engineering","Salaried","Male"
1855,"Marketing","Hourly","Other"
1856,"Engineering","Salaried","Female"
1857,"Sales","Salaried","Other"
1858,"IT","Salaried","Other"
1859,"Operations","Hourly","Other"
1860,"Engineering","Salaried","Other"
1861,"Finance","Salaried","Female"
1862,"Operations","Salaried","Female"
1863,"Engineering","Hourly","Male"
1864,"Engineering","Salaried","Other"
1865,"Operations","Manager","Male"
1866,"Engineering","Hourly","Other"
1867,"Finance","Manager","Other"
1868,"Engineering","Hourly","Other"
1869,"Marketing","Hourly","Male"
1870,"Operations","Manager","Other"
1871,"Finance","Manager","Female"
1872,"IT","Salaried","Male"
1873,"Marketing","Salaried","Female"
1874,"Marketing","Salaried","Female"
1875,"Operations","Salaried","Female"
1876,"IT","Manager","Female"
1877,"Marketing","Hourly","Other"
1878,"Engineering","Salaried","Female"
1879,"Operations","Manager","Other"
1880,"Engineering","Hourly","Other"
1881,"Marketing","Hourly","Female"
1882,"Sales","Salaried","Other"
1883,"Sales","Manager","Other"
1884,"Engineering","Manager","Female"
1885,"Finance","Salaried","Male"
1886,"IT","Manager","Other"
1887,"IT","Hourly","Male"
1888,"Sales","Hourly","Female"
1889,"Operations","Hourly","Female"
1890,"Marketing","Salaried","Male"
1891,"Operations","Salaried","Other"
1892,"Finance","Salaried","Male"
1893,"Sales","Manager","Female"
1894,"IT","Manager","Male"
1895,"Marketing","Manager","Other"
1896,"Finance","Salaried","Female"
1897,"Engineering","Hourly","Female"
1898,"Marketing","Hourly","Male"
1899,"Marketing","Hourly","Other"
1900,"Engineering","Salaried","Female"
1901,"Finance","Salaried","Female"
1902,"Engineering","Hourly","Other"
1903,"Engineering","Manager","Other"
1904,"Engineering","Manager","Male"
1905,"Finance","Salaried","Other"
1906,"Finance","Manager","Other"
1907,"Finance","Salaried","Other"
1908,"IT","Hourly","Other"
1909,"Marketing","Hourly","Male"
1910,"Marketing","Manager","Male"
1911,"Marketing","Hourly","Female"
1912,"Marketing","Manager","Male"
1913,"Marketing","Hourly","Other"
1914,"Marketing","Salaried","Other"
1915,"Engineering","Salaried","Male"
1916,"Engineering","Hourly","Male"
1917,"IT","Salaried","Male"
1918,"Engineering","Salaried","Other"
1919,"IT","Manager","Other"
1920,"Operations","Hourly","Other"
1921,"Engineering","Manager","Other"
1922,"Operations","Salaried","Female"
1923,"Engineering","Salaried","Male"
1924,"Finance","Salaried","Other"
1925,"Engineering","Manager","Male"
1926,"Engineering","Hourly","Male"
1927,"Finance","Hourly","Other"
1928,"Operations","Hourly","Male"
1929,"Operations","Hourly","Other"
1930,"Engineering","Salaried","Other"
1931,"Finance","Hourly","Male"
1932,"Sales","Manager","Female"
1933,"Finance","Hourly","Female"
1934,"Sales","Hourly","Female"
1935,"Marketing","Manager","Other"
1936,"Finance","Hourly","Male"
1937,"IT","Manager","Female"
1938,"Engineering","Hourly","Male"
1939,"Finance","Salaried","Female"
1940,"IT","Hourly","Male"
1941,"Marketing","Salaried","Other"
1942,"Marketing","Hourly","Other"
1943,"Marketing","Manager","Other"
1944,"Engineering","Manager","Male"
1945,"Sales","Manager","Female"
1946,"Sales","Salaried","Other"
1947,"Finance","Salaried","Other"
1948,"Operations","Hourly","Male"
1949,"Marketing","Hourly","Male"
1950,"Operations","Hourly","Female"
1951,"Operations","Salaried","Male"
1952,"Sales","Hourly","Male"
1953,"Sales","Salaried","Female"
1954,"IT","Manager","Male"
1955,"Marketing","Manager","Male"
1956,"Operations","Manager","Male"
1957,"Operations","Salaried","Female"
1958,"Sales","Salaried","Female"
1959,"IT","Hourly","Other"
1960,"Sales","Salaried","Male"
1961,"Sales","Hourly","Other"
1962,"IT","Manager","Female"
1963,"Operations","Salaried","Female"
1964,"Sales","Salaried","Other"
1965,"Sales","Hourly","Male"
1966,"Engineering","Manager","Female"
1967,"IT","Hourly","Female"
1968,"Finance","Hourly","Other"
1969,"Marketing","Manager","Female"
1970,"IT","Manager","Male"
1971,"Marketing","Manager","Other"
1972,"Finance","Hourly","Male"
1973,"Sales","Hourly","Male"
1974,"IT","Manager","Other"
1975,"Sales","Salaried","Other"
1976,"Operations","Hourly","Male"
1977,"Engineering","Hourly","Male"
1978,"Finance","Hourly","Male"
1979,"Marketing","Hourly","Female"
1980,"IT","Hourly","Other"
1981,"Marketing","Manager","Female"
1982,"Finance","Hourly","Male"
1983,"Operations","Hourly","Female"
1984,"Sales","Manager","Other"
1985,"IT","Hourly","Other"
1986,"Finance","Manager","Female"
1987,"Operations","Manager","Female"
1988,"Engineering","Manager","Female"
1989,"IT","Salaried","Other"
1990,"Engineering","Hourly","Female"
1991,"Engineering","Hourly","Female"
1992,"Operations","Manager","Other"
1993,"Finance","Hourly","Female"
1994,"Operations","Salaried","Male"
1995,"IT","Salaried","Female"
1996,"Finance","Hourly","Male"
1997,"Sales","Manager","Female"
1998,"IT","Salaried","Male"
1999,"Operations","Hourly","Female"
2000,"Operations","Hourly","Female"
